timestamp,likes,retweets,replies
2019-09-10 06:16:34,2245,137,19
2019-09-10 12:34:49,379,19,3
2019-09-10 13:11:38,142,15,0
2019-09-10 13:13:27,0,0,0
2019-09-10 14:48:07,22,3,1
2019-09-10 16:24:15,174,13,21
2019-09-11 08:47:28,319,15,4
2019-09-11 15:09:31,189,25,51
2019-09-11 18:23:40,122,11,16
2019-09-12 06:47:00,279,15,22
2019-09-12 12:19:07,375,25,1
2019-09-12 13:22:37,208,16,2
2019-09-13 08:05:49,163,15,3
2019-09-13 10:34:13,90,11,2
2019-09-13 11:51:20,2035,169,36
2019-09-13 11:56:55,815,78,10
2019-09-13 13:31:06,110,14,6
2019-09-13 14:36:56,216,25,4
2019-09-13 15:15:20,298,30,7
2019-09-13 16:45:10,161,18,6
2019-09-13 17:31:07,98,7,1
2019-09-13 18:00:27,74,5,0
2019-09-13 18:10:13,84,9,2
2019-09-13 18:23:45,101,14,1
2019-09-13 18:47:52,73,7,0
2019-09-13 19:04:04,95,11,1
2019-09-13 19:05:24,41,8,0
2019-09-13 19:06:36,43,7,0
2019-09-13 19:22:43,53,5,2
2019-09-13 19:40:04,49,5,5
2019-09-13 19:53:49,123,13,10
2019-09-13 20:00:37,657,69,2
2019-09-13 20:48:19,127,7,2
2019-09-14 05:34:00,546,62,4
2019-09-14 10:19:33,150,14,36
2019-09-14 11:30:46,130,9,2
2019-09-14 13:07:06,142,7,2
2019-09-14 13:15:06,40,4,0
2019-09-14 13:21:45,37,2,0
2019-09-14 13:53:40,70,10,0
2019-09-14 14:02:55,56,6,1
2019-09-14 14:25:04,92,6,0
2019-09-14 14:39:47,520,49,9
2019-09-14 15:25:19,359,23,4
2019-09-14 15:43:50,39,7,1
2019-09-14 16:08:16,135,10,1
2019-09-14 16:27:57,56,8,0
2019-09-14 16:29:34,160,13,1
2019-09-14 16:32:06,75,15,2
2019-09-14 16:36:46,45,3,1
2019-09-14 16:39:43,52,3,4
2019-09-14 16:44:22,37,1,1
2019-09-14 16:51:33,186,20,3
2019-09-14 16:53:14,79,14,16
2019-09-14 17:02:25,47,5,2
2019-09-14 17:03:04,82,8,10
2019-09-14 17:09:29,44,2,2
2019-09-14 17:21:41,205,37,7
2019-09-14 17:27:42,1282,106,13
2019-09-14 17:35:06,168,14,2
2019-09-14 17:46:09,240,16,2
2019-09-14 17:53:01,158,19,2
2019-09-14 18:00:56,67,2,0
2019-09-14 18:04:21,142,12,4
2019-09-14 18:09:00,61,5,1
2019-09-14 18:09:58,165,22,7
2019-09-14 18:13:25,340,34,8
2019-09-14 18:22:12,506,125,6
2019-09-14 19:02:07,840,77,6
2019-09-14 19:16:10,236,28,1
2019-09-15 05:34:03,1949,120,10
2019-09-15 15:01:22,104,9,2
2019-09-15 17:04:10,245,39,5
2019-09-16 08:30:47,102,9,2
2019-09-16 11:34:42,113,10,8
2019-09-16 13:12:08,86,6,0
2019-09-16 14:33:13,378,35,2
2019-09-16 14:49:33,117,8,0
2019-09-16 14:57:24,133,8,11
2019-09-16 16:45:16,224,20,13
2019-09-16 17:30:42,365,21,16
2019-09-16 18:01:28,65,6,0
2019-09-16 18:02:22,232,15,0
2019-09-16 18:06:32,154,12,5
2019-09-16 18:48:25,106,8,2
2019-09-16 18:50:07,205,12,31
2019-09-16 19:05:52,82,7,3
2019-09-16 19:53:35,143,10,2
2019-09-16 19:55:02,262,28,5
2019-09-16 20:22:08,255,18,0
2019-09-17 05:34:00,1336,142,18
2019-09-17 08:58:09,159,14,4
2019-09-17 10:00:14,59,8,1
2019-09-17 10:04:35,460,36,9
2019-09-17 10:29:40,170,9,3
2019-09-17 10:59:01,449,39,4
2019-09-17 11:12:07,151,25,10
2019-09-17 11:50:29,96,7,1
2019-09-17 11:54:00,449,34,4
2019-09-17 12:05:32,36,5,0
2019-09-17 12:09:05,82,8,3
2019-09-17 12:24:09,113,9,2
2019-09-17 12:41:00,72,8,2
2019-09-17 12:52:36,64,5,0
2019-09-17 13:00:21,175,12,5
2019-09-17 13:06:13,33,5,1
2019-09-17 13:53:45,85,11,1
2019-09-17 13:55:32,192,26,2
2019-09-17 14:31:22,453,44,3
2019-09-17 15:28:11,199,19,29
2019-09-17 17:17:57,348,30,2
2019-09-17 17:59:18,477,38,5
2019-09-17 18:17:56,85,9,1
2019-09-17 18:24:54,227,21,106
2019-09-17 18:55:05,119,12,17
2019-09-17 19:00:15,223,26,3
2019-09-17 19:00:48,313,53,7
2019-09-17 19:06:25,66,8,2
2019-09-17 19:14:57,145,13,5
2019-09-17 19:17:17,58,5,1
2019-09-17 19:32:42,342,43,2
2019-09-17 19:39:59,53,6,7
2019-09-17 19:42:58,131,14,2
2019-09-17 19:45:56,125,14,3
2019-09-17 19:46:55,493,64,47
2019-09-17 20:01:50,156,28,3
2019-09-17 20:05:36,148,17,5
2019-09-17 20:11:39,325,17,9
2019-09-17 20:15:24,131,8,2
2019-09-17 20:18:36,13071,1472,92
2019-09-17 20:26:45,1250,114,14
2019-09-17 20:33:14,239,18,5
2019-09-17 20:39:32,208,16,2
2019-09-17 20:43:10,128,13,1
2019-09-17 20:46:30,69,8,0
2019-09-17 20:46:53,101,8,2
2019-09-17 20:49:34,2133,439,39
2019-09-17 21:11:49,876,59,4
2019-09-17 21:28:48,3041,162,22
2019-09-17 21:47:14,337,28,2
2019-09-17 21:53:30,5575,275,73
2019-09-17 22:08:17,590,32,2
2019-09-18 05:34:09,1722,80,26
2019-09-18 06:46:00,1819,129,11
2019-09-18 08:31:54,387,26,3
2019-09-18 08:40:43,234,25,3
2019-09-18 08:53:36,324,23,8
2019-09-18 11:23:52,4806,395,50
2019-09-18 12:35:02,608,36,14
2019-09-18 14:22:18,789,46,21
2019-09-18 16:30:47,375,15,6
2019-09-19 13:35:59,317,11,14
2019-09-19 15:04:49,245,8,9
2019-09-19 15:30:26,462,12,6
2019-09-19 17:05:00,1866,190,34
2019-09-20 07:59:49,310,17,8
2019-09-20 08:05:09,184,14,3
2019-09-20 10:45:00,94,4,4
2019-09-20 11:19:10,65,5,1
2019-09-20 12:34:05,106,9,3
2019-09-20 14:28:02,524,36,5
2019-09-20 14:37:31,4058,170,14
2019-09-20 14:45:29,137,16,2
2019-09-20 16:51:17,167,20,5
2019-09-20 18:01:43,47,4,0
2019-09-20 18:04:18,43,7,0
2019-09-20 18:51:23,76,10,0
2019-09-20 18:59:00,140,9,0
2019-09-20 19:06:47,50,6,0
2019-09-20 19:21:10,111,9,0
2019-09-20 19:51:20,79,9,3
2019-09-20 19:51:56,35,3,1
2019-09-20 19:55:17,82,7,3
2019-09-20 20:24:38,184,10,3
2019-09-20 20:38:34,115,10,3
2019-09-21 08:16:59,187,9,3
2019-09-21 09:42:06,184,8,1
2019-09-21 12:17:06,86,10,1
2019-09-21 12:33:08,71,5,2
2019-09-21 12:50:26,63,4,0
2019-09-21 13:02:41,34,4,1
2019-09-21 13:19:38,39,1,0
2019-09-21 13:21:42,42,3,0
2019-09-21 13:37:58,38,1,0
2019-09-21 13:53:49,65,3,0
2019-09-21 14:04:32,68,4,1
2019-09-21 14:30:24,110,6,1
2019-09-21 17:47:10,424,25,3
2019-09-21 20:05:44,130,7,1
2019-09-22 05:34:00,831,129,10
2019-09-22 07:37:09,261,15,3
2019-09-22 08:37:15,422,31,5
2019-09-22 12:10:35,323,22,14
2019-09-22 12:52:31,252,19,6
2019-09-22 13:37:52,227,24,4
2019-09-22 13:47:15,205,11,9
2019-09-22 14:15:49,238,19,8
2019-09-22 14:25:42,163,15,1
2019-09-22 14:43:06,160,12,2
2019-09-22 14:46:58,176,28,0
2019-09-22 14:55:30,56,1,0
2019-09-22 15:01:37,43,3,1
2019-09-22 15:05:58,50,2,0
2019-09-22 15:10:02,94,8,4
2019-09-22 15:14:22,84,6,1
2019-09-22 15:16:23,60,5,0
2019-09-22 15:20:46,61,3,2
2019-09-22 15:23:28,48,5,0
2019-09-22 15:25:11,73,5,3
2019-09-22 15:31:53,47,5,1
2019-09-22 15:32:56,63,5,3
2019-09-22 15:33:07,156,28,7
2019-09-22 15:49:10,63,8,1
2019-09-22 15:52:37,62,3,1
2019-09-22 15:54:44,39,3,1
2019-09-22 15:58:18,44,6,1
2019-09-22 16:01:24,40,2,1
2019-09-22 16:02:49,86,5,2
2019-09-22 16:11:05,59,5,1
2019-09-22 16:12:00,339,48,7
2019-09-22 16:16:35,409,35,1
2019-09-22 16:21:22,72,23,13
2019-09-22 16:25:31,83,7,3
2019-09-22 16:33:53,46,7,4
2019-09-22 16:36:48,536,138,31
2019-09-22 16:56:41,100,15,2
2019-09-22 17:44:44,582,44,8
2019-09-23 08:31:06,68,5,5
2019-09-23 08:38:58,308,22,5
2019-09-23 09:41:17,377,33,17
2019-09-23 09:53:07,270,13,60
2019-09-23 13:20:43,222,17,2
2019-09-23 13:25:16,364,23,0
2019-09-23 20:14:24,2321,253,17
2019-09-24 07:01:24,212,11,29
2019-09-24 15:36:45,5820,319,12
2019-09-24 16:13:28,313,23,2
2019-09-24 17:03:51,304,25,3
2019-09-24 18:43:45,151,12,1
2019-09-25 05:34:00,1256,116,18
2019-09-25 07:43:02,804,51,10
2019-09-25 09:48:43,192,15,4
2019-09-25 16:40:40,384,24,6
2019-09-25 17:35:03,426,42,5
2019-09-25 18:00:26,53,9,1
2019-09-25 18:13:40,112,12,0
2019-09-25 18:22:00,187,15,31
2019-09-25 18:39:13,223,22,1
2019-09-25 18:44:45,284,15,2
2019-09-25 18:53:23,52,8,3
2019-09-25 19:01:19,65,4,0
2019-09-25 19:02:45,44,4,1
2019-09-25 19:11:01,41,5,0
2019-09-25 19:14:43,37,3,1
2019-09-25 19:23:30,87,9,0
2019-09-25 19:26:25,67,10,1
2019-09-25 19:30:35,47,3,2
2019-09-25 19:37:11,94,23,12
2019-09-25 19:42:26,48,6,0
2019-09-25 19:53:33,154,12,3
2019-09-25 19:54:16,120,15,9
2019-09-25 19:56:33,60,7,0
2019-09-25 20:10:40,344,28,8
2019-09-25 20:10:40,344,28,8
2019-09-25 20:19:23,131,21,2
2019-09-25 20:19:23,131,21,2
2019-09-25 20:28:32,96,11,1
2019-09-25 20:28:32,96,11,1
2019-09-25 20:31:33,40,6,1
2019-09-25 20:31:33,40,6,1
2019-09-25 20:34:28,579,64,1
2019-09-25 20:34:28,579,64,1
2019-09-25 20:41:07,636,132,12
2019-09-25 20:41:07,636,132,12
2019-09-25 21:04:02,844,82,10
2019-09-25 21:04:02,844,82,10
2019-09-25 21:24:36,537,57,3
2019-09-25 21:24:36,537,57,3
2019-09-25 21:34:01,558,39,4
2019-09-25 21:34:01,558,39,4
2019-09-26 05:34:02,790,56,6
2019-09-26 06:31:45,400,40,1
2019-09-26 09:08:06,1137,82,11
2019-09-26 14:28:31,107,7,2
2019-09-26 15:40:06,2066,1406,67
2019-09-27 12:42:24,60,10,1
2019-09-27 15:07:20,1036,102,3
2019-09-27 15:36:36,351,39,13
2019-09-27 16:46:08,119,15,4
2019-09-27 17:05:28,149,11,1
2019-09-27 17:36:15,133,8,3
2019-09-27 18:01:59,88,7,4
2019-09-27 18:41:04,111,7,1
2019-09-27 18:51:03,63,4,0
2019-09-27 19:05:17,72,4,0
2019-09-27 19:30:41,131,11,2
2019-09-27 19:37:16,93,9,3
2019-09-27 19:46:43,100,12,1
2019-09-27 19:51:48,48,6,0
2019-09-27 19:57:13,285,24,4
2019-09-27 20:24:57,182,19,1
2019-09-28 05:34:00,373,41,5
2019-09-28 08:12:08,160,10,11
2019-09-28 09:03:28,129,10,5
2019-09-28 11:29:05,559,45,4
2019-09-28 12:10:23,89,13,4
2019-09-28 12:36:26,46,5,3
2019-09-28 12:45:27,27,5,1
2019-09-28 12:53:02,68,5,0
2019-09-28 13:21:02,26,5,3
2019-09-28 13:22:06,27,1,1
2019-09-28 13:38:23,37,3,1
2019-09-28 13:55:30,27,2,0
2019-09-28 14:07:19,31,4,2
2019-09-28 14:13:16,53,8,11
2019-09-28 14:15:23,32,3,2
2019-09-28 14:20:25,24,3,1
2019-09-28 14:27:57,29,3,1
2019-09-28 14:29:38,60,6,8
2019-09-28 14:42:15,102,12,4
2019-09-28 16:58:05,49,8,15
2019-09-28 17:15:18,246,17,6
2019-09-28 17:21:15,439,84,10
2019-09-28 17:31:23,61,6,3
2019-09-28 17:41:20,37,6,0
2019-09-28 17:44:39,164,17,1
2019-09-28 17:45:38,107,14,14
2019-09-28 17:52:14,50,6,1
2019-09-28 17:54:40,43,6,0
2019-09-28 18:05:10,55,5,1
2019-09-28 18:10:04,79,11,1
2019-09-28 18:15:07,67,9,1
2019-09-28 18:17:35,105,6,5
2019-09-28 18:23:05,46,5,0
2019-09-28 18:24:07,40,5,0
2019-09-28 18:26:56,29,5,3
2019-09-28 18:31:23,54,4,3
2019-09-28 18:34:11,92,19,10
2019-09-28 18:50:31,144,14,1
2019-09-28 18:51:25,146,15,3
2019-09-28 18:57:01,54,3,2
2019-09-28 19:03:25,107,14,6
2019-09-28 19:04:50,48,3,7
2019-09-28 19:12:15,100,11,5
2019-09-28 19:13:54,98,9,3
2019-09-28 19:16:45,47,1,3
2019-09-28 19:19:17,112,8,7
2019-09-28 19:20:35,41,6,2
2019-09-28 19:27:50,132,13,7
2019-09-28 19:37:36,49,3,0
2019-09-28 19:40:39,1035,170,19
2019-09-28 20:04:39,925,81,10
2019-09-28 20:17:21,179,13,2
2019-09-28 20:37:29,375,18,30
2019-09-29 06:34:02,382,30,2
2019-09-29 07:35:54,711,33,2
2019-09-29 11:32:06,486,29,5
2019-09-29 14:35:22,162,11,2
2019-09-29 15:42:15,1926,133,12
2019-09-30 07:32:36,3533,177,24
2019-09-30 09:30:29,98,5,7
2019-09-30 15:21:35,106,11,3
2019-10-01 09:53:53,375,21,4
2019-10-01 11:14:03,485,38,15
2019-10-01 11:19:04,14,2,1
2019-10-01 12:03:27,276,17,4
2019-10-01 12:08:42,224,15,2
2019-10-01 12:22:38,207,23,4
2019-10-01 13:33:43,125,12,1
2019-10-01 14:27:18,373,32,7
2019-10-01 15:03:59,303,42,7
2019-10-01 15:32:58,616,34,20
2019-10-01 16:21:21,363,30,9
2019-10-01 17:16:31,94,7,1
2019-10-01 19:09:03,95,12,1
2019-10-01 19:15:29,325,39,4
2019-10-01 19:44:19,1125,62,12
2019-10-01 20:05:11,4,0,0
2019-10-01 20:14:42,226,15,0
2019-10-02 05:34:00,910,119,19
2019-10-02 10:05:41,206,12,3
2019-10-02 10:42:12,174,7,3
2019-10-02 10:55:31,204,16,1
2019-10-02 10:59:29,59,6,0
2019-10-02 11:06:27,92,8,4
2019-10-02 11:38:38,120,7,0
2019-10-02 12:03:46,50,6,1
2019-10-02 12:09:39,31,2,0
2019-10-02 12:18:55,99,9,0
2019-10-02 12:25:28,74,6,0
2019-10-02 12:28:42,35,3,0
2019-10-02 12:43:16,109,11,0
2019-10-02 12:47:42,124,8,0
2019-10-02 13:04:28,76,5,1
2019-10-02 13:10:20,70,3,1
2019-10-02 13:16:27,96,9,2
2019-10-02 13:25:05,122,6,1
2019-10-02 13:26:28,40,3,0
2019-10-02 13:27:45,62,4,1
2019-10-02 13:42:37,64,1,3
2019-10-02 13:51:53,53,6,0
2019-10-02 13:53:39,291,27,3
2019-10-02 14:12:41,599,57,19
2019-10-02 15:23:51,146,11,0
2019-10-02 16:27:27,892,1459,80
2019-10-02 16:33:52,92,9,15
2019-10-02 16:40:07,440,39,3
2019-10-02 17:55:03,414,35,12
2019-10-02 18:01:10,203,22,0
2019-10-02 18:03:16,334,17,5
2019-10-02 18:14:39,86,13,1
2019-10-02 18:43:30,319,30,0
2019-10-02 18:54:56,109,11,1
2019-10-02 18:58:28,347,37,4
2019-10-02 18:59:48,161,26,0
2019-10-02 19:02:37,89,10,4
2019-10-02 19:05:40,47,8,2
2019-10-02 19:12:37,54,11,2
2019-10-02 19:14:02,810,108,10
2019-10-02 19:23:36,85,19,6
2019-10-02 19:29:03,61,13,9
2019-10-02 19:31:13,258,35,3
2019-10-02 19:43:46,167,11,5
2019-10-02 19:45:52,57,8,0
2019-10-02 19:46:46,72,8,0
2019-10-02 19:46:53,874,130,23
2019-10-02 19:52:05,1090,89,13
2019-10-02 20:02:39,207,23,2
2019-10-02 20:04:16,603,51,8
2019-10-02 20:13:06,56,6,0
2019-10-02 20:15:50,58,7,1
2019-10-02 20:17:07,39,6,0
2019-10-02 20:18:34,168,23,3
2019-10-02 20:21:54,65,8,12
2019-10-02 20:28:34,1016,118,14
2019-10-02 20:38:15,61,6,9
2019-10-02 20:38:55,129,16,3
2019-10-02 20:42:38,323,29,13
2019-10-02 20:44:50,88,6,1
2019-10-02 20:45:54,152,18,6
2019-10-02 20:48:05,94,9,1
2019-10-02 20:50:18,7685,1527,316
2019-10-02 21:11:13,2799,271,25
2019-10-02 21:16:47,745,73,11
2019-10-02 21:23:08,1408,105,158
2019-10-02 21:35:37,1290,94,20
2019-10-02 22:17:13,1441,86,18
2019-10-03 05:34:03,1259,101,16
2019-10-03 06:01:00,1452,126,6
2019-10-03 07:03:00,1847,188,21
2019-10-03 08:20:08,2328,215,18
2019-10-03 08:23:31,446,33,4
2019-10-03 09:25:00,363,30,50
2019-10-03 10:14:09,1164,94,8
2019-10-03 10:43:42,387,30,5
2019-10-03 11:49:01,87,5,1
2019-10-03 11:51:30,2900,119,17
2019-10-03 13:20:46,332,28,2
2019-10-03 13:34:29,471,23,5
2019-10-03 14:29:53,1463,62,8
2019-10-03 14:42:46,880,109,12
2019-10-03 16:14:18,129,12,13
2019-10-03 22:14:41,281,15,6
2019-10-04 08:08:54,99,18,3
2019-10-04 10:21:10,244,25,0
2019-10-04 12:04:56,421,19,28
2019-10-04 12:56:57,633,33,6
2019-10-04 13:11:11,514,36,10
2019-10-04 14:01:04,2697,51,17
2019-10-04 14:14:59,77,3,1
2019-10-04 16:45:17,121,12,5
2019-10-04 17:34:00,155,8,2
2019-10-04 18:02:38,183,10,2
2019-10-04 18:25:39,120,8,4
2019-10-04 18:43:26,62,3,2
2019-10-04 18:45:53,53,8,0
2019-10-04 18:47:45,79,6,0
2019-10-04 18:49:53,48,5,0
2019-10-04 19:07:23,64,4,0
2019-10-04 19:12:59,74,10,1
2019-10-04 19:19:19,88,9,0
2019-10-04 19:22:43,41,5,0
2019-10-04 19:29:01,52,5,0
2019-10-04 19:40:41,53,5,0
2019-10-04 19:58:29,406,25,6
2019-10-04 20:02:54,551,25,7
2019-10-04 20:25:25,244,17,2
2019-10-05 08:08:47,62,4,2
2019-10-05 10:00:57,76,5,0
2019-10-05 10:11:58,32,2,0
2019-10-05 10:30:01,21,4,1
2019-10-05 10:31:40,38,4,1
2019-10-05 10:45:13,21,5,2
2019-10-05 10:49:04,33,5,1
2019-10-05 10:52:48,38,6,0
2019-10-05 11:13:35,44,4,1
2019-10-05 11:35:23,24,3,1
2019-10-05 11:42:27,41,6,0
2019-10-05 11:51:52,66,6,1
2019-10-05 11:57:51,26,7,0
2019-10-05 12:00:11,44,7,0
2019-10-05 12:02:56,68,8,1
2019-10-05 13:15:56,227,25,3
2019-10-05 13:37:51,191,23,1
2019-10-05 15:01:22,96,9,1
2019-10-06 05:34:00,444,54,7
2019-10-06 07:26:12,447,25,3
2019-10-06 08:46:16,131,9,4
2019-10-06 09:18:50,307,27,4
2019-10-06 09:28:09,49,6,3
2019-10-06 09:44:06,137,20,0
2019-10-06 09:54:34,224,19,3
2019-10-06 10:12:15,205,25,5
2019-10-06 10:13:45,382,27,5
2019-10-06 10:16:17,436,40,10
2019-10-06 10:34:27,265,41,2
2019-10-06 10:37:41,65,3,1
2019-10-06 10:44:45,67,6,2
2019-10-06 10:48:53,192,28,1
2019-10-06 10:51:23,51,10,0
2019-10-06 10:53:11,122,15,3
2019-10-06 10:58:57,88,16,0
2019-10-06 11:00:53,54,8,1
2019-10-06 11:02:08,179,27,8
2019-10-06 11:17:55,125,17,0
2019-10-06 11:18:18,79,12,12
2019-10-06 11:29:49,57,11,5
2019-10-06 11:49:37,128,16,9
2019-10-06 11:52:46,149,17,7
2019-10-06 12:02:00,142,20,2
2019-10-06 12:07:02,670,138,16
2019-10-06 12:31:49,169,17,0
2019-10-06 13:22:27,359,22,6
2019-10-07 08:47:46,107,7,1
2019-10-07 09:36:54,1954,92,12
2019-10-07 10:07:16,327,35,9
2019-10-07 15:11:34,987,76,45
2019-10-07 15:41:57,450,38,7
2019-10-07 16:49:00,163,10,11
2019-10-08 08:09:37,216,13,19
2019-10-08 09:54:22,12734,941,92
2019-10-08 10:58:22,283,40,15
2019-10-08 11:10:29,379,49,21
2019-10-08 13:15:21,553,45,2
2019-10-08 14:26:50,94,9,1
2019-10-09 06:58:12,418,21,3
2019-10-09 12:48:57,144,11,2
2019-10-09 13:39:05,431,34,2
2019-10-09 14:37:50,988,96,24
2019-10-09 14:46:17,99,10,1
2019-10-09 14:52:14,737,55,22
2019-10-09 15:01:12,63,9,16
2019-10-09 17:10:59,219,17,4
2019-10-09 18:19:36,341,17,6
2019-10-09 19:56:05,219,18,2
2019-10-09 20:22:38,270,15,2
2019-10-09 21:04:20,580,33,6
2019-10-10 12:53:40,306,14,6
2019-10-10 17:28:11,229,20,22
2019-10-10 17:28:11,229,20,22
2019-10-10 18:32:27,324,22,5
2019-10-10 18:32:27,324,22,5
2019-10-10 19:51:19,1068,143,96
2019-10-10 19:51:19,1068,143,96
2019-10-10 20:23:03,169,10,4
2019-10-10 20:23:03,169,10,4
2019-10-10 20:58:09,411,22,43
2019-10-10 20:58:09,411,22,43
2019-10-11 06:38:54,479,23,5
2019-10-11 06:38:54,479,23,5
2019-10-11 12:21:39,124,11,3
2019-10-11 12:21:39,124,11,3
2019-10-11 13:52:23,109,7,7
2019-10-11 13:52:23,109,7,7
2019-10-11 17:20:38,242,13,3
2019-10-11 17:20:38,242,13,3
2019-10-11 17:44:08,158,7,1
2019-10-11 17:44:08,158,7,1
2019-10-12 07:55:43,436,25,5
2019-10-12 11:23:28,461,33,9
2019-10-13 06:24:41,94,6,5
2019-10-13 11:38:58,92,4,0
2019-10-13 12:36:05,87,6,1
2019-10-13 12:59:03,603,60,40
2019-10-13 13:50:05,357,20,3
2019-10-13 14:49:31,376,42,5
2019-10-13 16:53:25,630,53,6
2019-10-13 18:04:38,384,33,9
2019-10-13 21:16:58,404,37,5
2019-10-14 10:20:45,230,15,3
2019-10-14 14:39:29,736,44,27
2019-10-15 08:33:09,518,35,14
2019-10-15 11:15:31,98,15,11
2019-10-15 13:42:24,393,20,7
2019-10-15 14:00:06,77,12,3
2019-10-15 17:50:32,95,5,3
2019-10-15 21:18:05,189,10,1
2019-10-16 07:23:20,124,8,1
2019-10-16 08:29:39,821,29,82
2019-10-16 09:14:01,509,65,5
2019-10-16 10:01:10,353,32,1
2019-10-16 11:59:50,2207,81,44
2019-10-16 12:34:49,345,29,5
2019-10-16 13:41:15,273,24,1
2019-10-16 14:36:31,170,17,4
2019-10-16 17:58:00,739,55,9
2019-10-17 05:41:19,370,20,6
2019-10-17 06:20:55,137,14,4
2019-10-17 08:08:17,187,22,6
2019-10-17 16:10:59,713,120,104
2019-10-18 07:49:49,220,13,4
2019-10-18 08:37:40,329,24,16
2019-10-18 08:50:01,177,14,4
2019-10-18 14:59:15,202,9,3
2019-10-18 15:32:02,167,9,0
2019-10-18 16:45:22,132,16,6
2019-10-18 17:29:50,50,3,1
2019-10-18 17:40:40,63,3,0
2019-10-18 18:02:59,56,5,2
2019-10-18 18:17:40,31,6,1
2019-10-18 18:38:19,34,5,0
2019-10-18 18:49:35,76,7,0
2019-10-18 19:06:59,59,4,1
2019-10-18 19:09:42,39,4,2
2019-10-18 19:44:02,70,4,1
2019-10-18 19:58:42,97,11,2
2019-10-18 20:15:27,95,4,1
2019-10-18 21:28:03,178,7,0
2019-10-19 05:34:00,712,71,8
2019-10-19 08:51:31,147,19,0
2019-10-19 12:30:25,49,4,0
2019-10-19 12:33:15,47,2,0
2019-10-19 12:46:32,38,4,0
2019-10-19 13:04:56,37,6,1
2019-10-19 13:09:46,43,8,1
2019-10-19 13:37:29,88,8,1
2019-10-19 13:53:00,35,7,0
2019-10-19 14:22:26,44,3,0
2019-10-19 14:28:06,99,10,2
2019-10-19 14:32:23,87,9,3
2019-10-19 15:19:03,641,86,30
2019-10-19 15:23:25,120,15,4
2019-10-19 15:27:03,178,14,9
2019-10-19 15:31:53,117,10,2
2019-10-19 15:33:54,106,15,1
2019-10-19 16:15:25,109,10,1
2019-10-19 16:22:26,402,28,5
2019-10-19 16:30:10,155,10,19
2019-10-19 16:34:20,36,3,1
2019-10-19 16:55:09,100,10,4
2019-10-19 16:59:08,55,7,0
2019-10-19 17:10:47,37,3,6
2019-10-19 17:17:47,134,19,25
2019-10-19 17:32:59,50,6,0
2019-10-19 17:39:32,34,4,2
2019-10-19 17:42:42,152,11,2
2019-10-19 17:46:13,204,16,4
2019-10-19 17:50:46,48,19,25
2019-10-19 17:53:27,52,3,3
2019-10-19 17:58:12,38,8,7
2019-10-19 18:15:13,65,8,10
2019-10-19 18:15:49,127,18,4
2019-10-19 18:22:47,56,3,2
2019-10-19 18:23:59,941,114,52
2019-10-19 18:35:21,230,24,1
2019-10-19 18:43:40,579,52,11
2019-10-19 19:44:44,377,29,3
2019-10-19 20:42:51,1821,141,59
2019-10-20 15:43:59,210,24,3
2019-10-20 17:34:47,150,11,0
2019-10-20 19:45:12,191,13,9
2019-10-21 09:23:47,110,10,3
2019-10-21 11:43:36,222,31,3
2019-10-21 13:33:30,10165,594,116
2019-10-21 17:14:15,103,12,4
2019-10-21 18:03:01,65,5,1
2019-10-21 18:18:47,91,12,2
2019-10-21 18:22:45,97,10,3
2019-10-21 18:49:04,63,5,0
2019-10-21 18:53:46,88,10,1
2019-10-21 19:02:08,273,24,3
2019-10-21 19:06:35,45,4,0
2019-10-21 19:25:50,59,6,1
2019-10-21 19:31:47,146,9,3
2019-10-21 19:48:48,168,14,4
2019-10-21 19:55:23,111,9,3
2019-10-21 20:30:26,344,23,7
2019-10-22 07:31:51,295,19,7
2019-10-22 09:21:13,850,65,13
2019-10-22 09:59:33,101,10,1
2019-10-22 10:06:22,132,11,2
2019-10-22 13:00:37,85,12,2
2019-10-22 14:52:07,180,20,2
2019-10-22 14:56:49,104,16,0
2019-10-22 17:00:52,252,21,2
2019-10-22 17:39:34,393,27,6
2019-10-22 18:16:25,111,10,1
2019-10-22 18:39:55,117,7,12
2019-10-23 05:34:00,1196,170,13
2019-10-23 08:01:54,834,83,9
2019-10-23 08:40:07,180,13,14
2019-10-23 10:52:23,117,14,4
2019-10-23 11:49:35,87,11,1
2019-10-23 12:02:30,29,4,0
2019-10-23 12:04:02,48,6,2
2019-10-23 12:11:12,31,1,0
2019-10-23 12:27:46,30,1,0
2019-10-23 12:47:51,65,7,1
2019-10-23 13:04:42,38,6,0
2019-10-23 13:28:17,74,1,0
2019-10-23 13:32:48,38,2,0
2019-10-23 13:36:50,21,1,0
2019-10-23 13:54:57,127,18,11
2019-10-23 14:11:13,3268,116,24
2019-10-23 15:09:46,368,24,68
2019-10-23 15:53:13,221,32,3
2019-10-23 15:55:33,99,6,6
2019-10-23 15:59:54,123,20,8
2019-10-23 16:10:37,653,64,13
2019-10-23 16:42:52,242,19,9
2019-10-23 16:44:35,205,26,2
2019-10-23 16:47:14,197,26,3
2019-10-23 16:54:17,198,33,3
2019-10-23 16:54:52,662,88,19
2019-10-23 17:04:19,52,11,1
2019-10-23 17:15:38,111,15,0
2019-10-23 17:18:15,234,29,5
2019-10-23 17:24:49,466,57,22
2019-10-23 17:32:22,275,54,54
2019-10-23 17:35:51,98,14,4
2019-10-23 17:41:44,206,47,23
2019-10-23 17:54:01,222,25,7
2019-10-23 17:58:07,230,34,4
2019-10-23 18:01:34,58,7,1
2019-10-23 18:12:30,452,34,12
2019-10-23 18:14:49,177,24,7
2019-10-23 18:17:38,52,8,2
2019-10-23 18:23:21,89,13,1
2019-10-23 18:26:10,88,9,1
2019-10-23 18:27:12,158,18,14
2019-10-23 18:34:24,57,8,1
2019-10-23 18:38:49,179,42,36
2019-10-23 18:41:23,206,23,24
2019-10-23 18:46:54,1023,173,138
2019-10-23 19:44:30,1026,64,20
2019-10-23 20:21:04,669,50,24
2019-10-24 05:34:00,1842,160,19
2019-10-24 08:06:25,325,20,6
2019-10-24 08:38:09,67,4,2
2019-10-24 10:27:50,80,3,1
2019-10-24 13:29:04,347,26,6
2019-10-24 14:59:55,1310,66,14
2019-10-24 16:58:00,251,13,5
2019-10-25 08:42:02,1230,50,127
2019-10-25 09:19:50,181,15,3
2019-10-25 09:28:47,652,51,6
2019-10-25 09:54:43,727,65,8
2019-10-25 10:36:03,1073,127,41
2019-10-25 15:14:32,423,1143,75
2019-10-25 15:34:15,402,39,13
2019-10-25 16:52:10,155,20,11
2019-10-25 18:02:12,56,3,1
2019-10-25 18:09:51,111,8,2
2019-10-25 18:47:07,71,9,0
2019-10-25 19:04:38,38,4,0
2019-10-25 19:11:56,125,6,4
2019-10-25 19:22:13,59,3,1
2019-10-25 19:29:36,32,4,1
2019-10-25 19:31:45,101,7,3
2019-10-25 19:51:05,59,5,4
2019-10-25 19:51:45,168,13,3
2019-10-25 20:09:47,109,13,2
2019-10-25 21:02:04,334,18,97
2019-10-25 21:44:02,225,10,7
2019-10-26 05:58:07,418,24,2
2019-10-26 10:26:06,230,24,2
2019-10-26 11:06:06,141,15,3
2019-10-26 16:04:49,96,10,0
2019-10-27 06:34:00,853,103,9
2019-10-27 10:33:38,294,30,6
2019-10-27 14:03:43,436,52,7
2019-10-27 14:35:03,459,40,20
2019-10-27 14:45:48,67,10,7
2019-10-27 14:50:01,189,17,5
2019-10-27 15:25:08,112,16,4
2019-10-27 15:34:38,261,25,2
2019-10-27 15:42:08,73,9,0
2019-10-27 15:45:21,262,40,2
2019-10-27 15:57:33,454,55,6
2019-10-27 16:01:30,54,5,1
2019-10-27 16:02:59,100,11,3
2019-10-27 16:07:48,255,31,0
2019-10-27 16:11:17,96,7,4
2019-10-27 16:14:25,263,22,2
2019-10-27 16:31:24,71,8,2
2019-10-27 16:32:05,1546,224,61
2019-10-27 16:49:22,330,35,2
2019-10-27 16:54:22,83,9,0
2019-10-27 16:54:22,83,9,0
2019-10-27 17:01:00,93,11,0
2019-10-27 17:01:00,93,11,0
2019-10-27 17:02:58,62,8,0
2019-10-27 17:02:58,62,8,0
2019-10-27 17:05:40,66,9,1
2019-10-27 17:05:40,66,9,1
2019-10-27 17:17:58,259,24,4
2019-10-27 17:17:58,259,24,4
2019-10-27 17:25:36,187,20,10
2019-10-27 17:25:36,187,20,10
2019-10-27 17:30:37,165,17,4
2019-10-27 17:30:37,165,17,4
2019-10-27 17:34:40,76,7,2
2019-10-27 17:34:40,76,7,2
2019-10-27 17:36:39,1751,327,31
2019-10-27 17:36:39,1751,327,31
2019-10-27 18:03:02,830,70,9
2019-10-27 18:03:02,830,70,9
2019-10-27 18:12:10,617,60,9
2019-10-27 18:12:10,617,60,9
2019-10-27 18:53:41,601,32,4
2019-10-27 18:53:41,601,32,4
2019-10-27 19:48:09,835,35,19
2019-10-27 19:48:09,835,35,19
2019-10-27 20:34:00,1162,110,9
2019-10-27 20:34:00,1162,110,9
2019-10-27 21:27:41,950,65,9
2019-10-27 21:27:41,950,65,9
2019-10-28 06:44:15,443,21,5
2019-10-28 08:58:58,249,16,4
2019-10-28 09:06:57,69,5,0
2019-10-28 12:50:26,246,20,3
2019-10-28 12:55:31,179,14,4
2019-10-28 15:01:26,1304,48,48
2019-10-28 15:23:15,8311,1327,145
2019-10-28 20:32:02,1268,126,95
2019-10-28 21:37:30,3979,256,31
2019-10-29 06:34:00,1086,61,6
2019-10-29 06:35:06,2236,187,31
2019-10-29 10:13:50,472,25,10
2019-10-29 10:53:57,229,11,5
2019-10-29 13:17:52,1552,756,18
2019-10-29 18:17:45,324,16,17
2019-10-30 09:37:58,198,11,5
2019-10-30 09:49:09,967,91,2
2019-10-30 15:33:55,103,5,2
2019-10-30 19:18:35,93,6,3
2019-10-31 09:00:58,100,8,3
2019-10-31 13:04:22,103,9,0
2019-10-31 17:55:41,776,48,8
2019-11-01 06:34:00,611,57,9
2019-11-01 09:50:26,102,8,0
2019-11-01 16:54:51,168,11,2
2019-11-01 17:54:51,175,15,3
2019-11-01 18:11:03,167,15,1
2019-11-01 18:22:55,76,8,1
2019-11-01 18:34:20,165,13,3
2019-11-01 18:42:48,183,17,3
2019-11-01 18:59:36,134,12,2
2019-11-01 19:11:20,271,35,2
2019-11-01 19:28:27,248,21,3
2019-11-01 19:29:57,159,14,12
2019-11-01 19:33:38,164,17,1
2019-11-01 19:36:46,65,16,11
2019-11-01 19:47:45,220,29,10
2019-11-01 20:04:34,148,14,6
2019-11-01 20:17:10,109,12,10
2019-11-01 20:21:35,77,18,14
2019-11-01 20:22:53,107,18,8
2019-11-01 20:25:50,75,11,3
2019-11-01 20:27:55,52,5,12
2019-11-01 20:31:33,86,10,3
2019-11-01 20:42:32,143,15,5
2019-11-01 20:50:25,109,12,2
2019-11-01 20:54:22,570,114,24
2019-11-01 21:07:40,1074,101,8
2019-11-01 21:11:41,291,16,5
2019-11-01 21:24:59,412,33,8
2019-11-01 22:23:05,221,23,38
2019-11-01 22:44:03,608,38,10
2019-11-02 06:50:08,773,45,10
2019-11-02 10:55:17,111,3,3
2019-11-02 12:37:35,75,6,0
2019-11-02 13:10:58,172,9,4
2019-11-02 13:46:35,32,2,0
2019-11-02 13:54:18,36,4,2
2019-11-02 14:05:17,53,2,0
2019-11-02 14:23:37,44,1,1
2019-11-02 14:39:43,59,4,0
2019-11-02 14:54:03,37,1,0
2019-11-02 15:12:04,37,3,1
2019-11-02 15:13:28,26,3,1
2019-11-02 15:17:34,31,3,0
2019-11-02 15:28:29,73,5,0
2019-11-02 17:29:57,124,9,1
2019-11-02 21:20:28,373,36,10
2019-11-02 21:52:32,186,14,2
2019-11-03 06:34:00,947,62,12
2019-11-03 09:19:16,87,5,1
2019-11-03 19:51:00,67,9,3
2019-11-03 22:14:57,241,10,2
2019-11-03 22:18:43,2278,116,28
2019-11-04 07:37:12,120,9,5
2019-11-04 10:31:08,103,10,1
2019-11-04 11:20:05,202,13,17
2019-11-04 11:44:03,397,32,6
2019-11-04 12:26:09,421,27,4
2019-11-04 12:42:26,493,43,7
2019-11-04 12:44:25,387,44,3
2019-11-04 12:46:36,6420,252,59
2019-11-04 13:36:35,223,14,0
2019-11-04 14:52:18,178,18,0
2019-11-04 18:34:28,109,8,0
2019-11-04 19:18:44,127,5,2
2019-11-04 20:34:46,127,6,0
2019-11-04 21:51:19,539,51,4
2019-11-04 22:11:30,278,19,2
2019-11-05 05:34:00,1069,147,27
2019-11-05 10:45:05,509,61,7
2019-11-05 10:51:47,663,45,8
2019-11-05 11:59:24,259,12,6
2019-11-05 13:12:55,167,13,5
2019-11-05 13:48:41,153,16,2
2019-11-05 14:03:18,201,9,5
2019-11-05 15:02:08,66,6,1
2019-11-05 15:34:04,54,8,1
2019-11-05 15:43:58,72,3,3
2019-11-05 15:49:22,71,5,1
2019-11-05 16:03:37,59,8,0
2019-11-05 16:09:00,154,9,2
2019-11-05 16:21:49,107,8,0
2019-11-05 16:51:51,188,9,5
2019-11-05 17:03:32,201,17,1
2019-11-05 17:07:48,222,17,6
2019-11-05 18:10:02,272,29,3
2019-11-05 18:54:10,262,27,4
2019-11-05 19:00:28,241,17,33
2019-11-05 19:04:38,267,23,5
2019-11-05 19:13:20,108,9,3
2019-11-05 19:13:41,3617,225,22
2019-11-05 19:14:23,135,15,5
2019-11-05 19:18:47,190,15,2
2019-11-05 19:28:55,463,27,404
2019-11-05 19:43:23,305,23,4
2019-11-05 19:57:18,141,14,1
2019-11-05 19:59:28,185,23,4
2019-11-05 20:00:30,515,67,7
2019-11-05 20:03:32,138,12,36
2019-11-05 20:14:19,81,9,5
2019-11-05 20:18:21,497,48,9
2019-11-05 20:21:13,663,38,6
2019-11-05 20:28:11,675,74,3
2019-11-05 20:31:07,77,4,15
2019-11-05 20:32:25,192,20,4
2019-11-05 20:33:53,74,6,3
2019-11-05 20:43:08,124,6,4
2019-11-05 20:46:32,929,116,29
2019-11-05 20:55:10,449,31,19
2019-11-05 21:02:05,1316,174,19
2019-11-05 21:03:34,133,13,18
2019-11-05 21:10:22,210,20,2
2019-11-05 21:20:13,109,20,25
2019-11-05 21:22:50,2392,649,65
2019-11-05 21:27:25,236,43,83
2019-11-05 21:28:25,138,21,16
2019-11-05 21:29:31,143,10,7
2019-11-05 21:30:18,225,16,6
2019-11-05 21:30:42,324,65,90
2019-11-05 21:35:05,402,55,75
2019-11-05 21:36:22,1210,187,64
2019-11-05 21:43:28,640,33,19
2019-11-05 21:50:57,7442,1231,417
2019-11-05 22:08:46,14379,1988,219
2019-11-05 23:25:46,2843,200,32
2019-11-06 06:34:00,3946,386,60
2019-11-06 09:13:20,1865,147,31
2019-11-06 10:22:57,13941,437,136
2019-11-06 11:21:10,351,20,2
2019-11-06 11:47:03,461,51,40
2019-11-06 12:34:24,1041,58,14
2019-11-06 12:45:35,1735,122,27
2019-11-06 13:34:54,677,42,148
2019-11-06 14:22:29,2361,180,22
2019-11-06 16:22:14,694,29,6
2019-11-06 16:28:40,947,53,25
2019-11-06 16:54:01,800,50,9
2019-11-06 20:32:12,221,11,2
2019-11-06 23:06:09,1103,126,95
2019-11-07 09:16:32,73,6,2
2019-11-07 10:24:39,330,19,74
2019-11-07 10:58:22,148,12,1
2019-11-07 21:07:42,88,2,4
2019-11-08 08:41:36,94,9,1
2019-11-08 09:57:04,283,21,5
2019-11-08 10:34:33,98,11,1
2019-11-08 11:32:33,70,8,3
2019-11-08 12:00:15,150,14,4
2019-11-08 13:37:31,72,8,1
2019-11-08 15:20:26,1128,62,8
2019-11-08 16:36:21,1768,585,41
2019-11-08 17:46:17,167,12,7
2019-11-08 18:14:51,110,4,2
2019-11-08 18:35:47,139,9,2
2019-11-08 18:50:24,124,8,2
2019-11-08 19:02:20,142,9,1
2019-11-08 19:07:25,93,7,0
2019-11-08 19:14:08,135,7,4
2019-11-08 19:49:10,126,10,1
2019-11-08 20:09:36,70,7,0
2019-11-08 20:18:41,78,6,1
2019-11-08 20:35:54,47,5,0
2019-11-08 20:52:13,115,7,1
2019-11-08 20:53:23,175,15,2
2019-11-08 21:02:06,154,13,0
2019-11-09 11:03:14,620,28,2
2019-11-09 11:14:19,179,10,12
2019-11-09 16:16:55,520,16,4
2019-11-10 06:34:00,652,67,10
2019-11-10 08:39:54,665,45,13
2019-11-10 09:02:14,142,9,6
2019-11-10 10:18:37,301,32,2
2019-11-10 10:27:59,56,6,2
2019-11-10 10:51:53,235,23,6
2019-11-10 10:56:22,398,29,14
2019-11-10 11:03:23,156,13,3
2019-11-10 11:10:23,64,6,1
2019-11-10 11:15:36,205,14,2
2019-11-10 11:19:09,60,7,2
2019-11-10 11:20:33,59,8,2
2019-11-10 11:23:07,75,7,0
2019-11-10 11:27:22,75,9,0
2019-11-10 11:49:27,299,35,4
2019-11-10 12:01:08,878,71,5
2019-11-10 12:02:08,65,6,1
2019-11-10 12:03:14,351,48,7
2019-11-10 12:09:35,766,41,8
2019-11-10 12:20:34,242,28,5
2019-11-10 12:30:03,185,12,6
2019-11-10 12:40:21,80,4,0
2019-11-10 12:43:53,193,24,5
2019-11-10 12:47:44,264,24,4
2019-11-10 12:48:59,298,37,4
2019-11-10 12:50:32,329,24,7
2019-11-10 12:57:33,467,38,3
2019-11-10 13:05:04,64,5,2
2019-11-10 13:06:44,974,166,21
2019-11-10 13:32:27,844,70,9
2019-11-10 14:15:36,868,57,7
2019-11-10 18:24:28,201,14,2
2019-11-10 19:15:01,712,22,4
2019-11-10 20:55:53,1370,134,24
2019-11-10 21:52:42,378,17,1
2019-11-11 07:19:00,890,33,6
2019-11-11 09:09:25,138,7,2
2019-11-11 10:51:48,139,7,3
2019-11-11 10:51:48,139,7,3
2019-11-11 12:29:29,648,35,21
2019-11-11 12:29:29,648,35,21
2019-11-11 13:31:49,723,43,9
2019-11-11 13:31:49,723,43,9
2019-11-11 14:10:05,264,24,21
2019-11-11 14:10:05,264,24,21
2019-11-11 14:54:43,180,11,5
2019-11-11 14:54:43,180,11,5
2019-11-11 17:04:07,9480,1447,122
2019-11-11 17:04:07,9480,1447,122
2019-11-11 17:32:57,1745,138,221
2019-11-11 17:32:57,1745,138,221
2019-11-11 19:25:16,143,7,8
2019-11-11 19:25:16,143,7,8
2019-11-11 19:58:04,119,12,1
2019-11-11 19:58:04,119,12,1
2019-11-12 13:03:33,159,16,3
2019-11-12 13:03:33,159,16,3
2019-11-12 16:13:09,16082,1121,170
2019-11-12 16:13:09,16082,1121,170
2019-11-13 13:21:19,188,18,21
2019-11-13 14:41:12,191,11,6
2019-11-13 20:12:47,610,26,11
2019-11-14 06:34:00,621,40,7
2019-11-14 10:37:44,119,5,6
2019-11-14 11:01:41,793,34,13
2019-11-14 14:47:25,106,7,1
2019-11-14 18:44:18,644,41,13
2019-11-14 19:40:36,143,13,1
2019-11-14 21:39:57,185,11,19
2019-11-15 13:09:33,1224,79,18
2019-11-15 16:16:45,98,5,4
2019-11-15 17:51:06,190,17,1
2019-11-15 19:24:22,1069,60,7
2019-11-15 20:30:25,168,11,4
2019-11-16 10:51:16,198,13,2
2019-11-16 18:54:00,385,29,4
2019-11-16 21:36:32,804,54,7
2019-11-16 22:17:33,724,28,40
2019-11-16 23:01:03,687,23,2
2019-11-17 13:59:40,210,16,7
2019-11-17 15:57:09,477,18,3
2019-11-17 16:14:42,190,10,2
2019-11-17 17:37:52,263,17,3
2019-11-17 17:59:15,623,29,2
2019-11-17 19:01:00,247,23,8
2019-11-18 09:39:35,80,5,2
2019-11-18 10:04:28,401,28,5
2019-11-18 18:43:25,526,25,10
2019-11-18 21:52:24,416,13,3
2019-11-19 09:26:51,215,16,2
2019-11-19 12:09:47,127,8,5
2019-11-19 14:21:17,4613,182,49
2019-11-19 15:03:06,199,13,5
2019-11-19 18:30:45,94,10,6
2019-11-19 18:50:06,289,18,32
2019-11-19 20:21:39,514,23,6
2019-11-19 22:21:19,644,36,10
2019-11-20 08:33:16,136,10,1
2019-11-20 10:05:34,279,20,11
2019-11-20 10:14:44,1637,118,23
2019-11-20 11:25:42,576,37,13
2019-11-20 15:05:52,6157,282,29
2019-11-21 07:12:00,1112,49,9
2019-11-21 10:10:56,822,55,8
2019-11-21 10:42:51,6892,300,32
2019-11-21 17:03:46,3068,174,20
2019-11-21 17:51:25,191,10,1
2019-11-21 18:21:22,119,8,3
2019-11-22 10:41:01,132,6,3
2019-11-22 13:18:55,83,4,2
2019-11-22 15:53:53,152,9,10
2019-11-22 16:34:55,1426,91,12
2019-11-22 16:38:48,265,20,19
2019-11-22 16:44:35,297,22,7
2019-11-22 17:25:05,93,7,1
2019-11-22 17:39:11,282,23,3
2019-11-22 17:49:01,115,10,2
2019-11-22 18:29:03,96,5,0
2019-11-22 19:02:31,84,12,1
2019-11-22 19:23:39,33,4,1
2019-11-22 19:49:06,108,15,4
2019-11-22 19:52:23,88,9,1
2019-11-22 19:52:57,381,15,20
2019-11-22 20:07:32,45,4,0
2019-11-22 20:48:11,147,11,0
2019-11-22 20:56:53,333,18,4
2019-11-22 21:14:52,283,11,2
2019-11-23 06:34:00,617,62,5
2019-11-23 09:15:27,125,14,0
2019-11-23 13:17:31,72,11,3
2019-11-23 13:40:56,56,2,0
2019-11-23 14:15:18,26,2,0
2019-11-23 14:25:05,64,5,1
2019-11-23 14:50:37,94,4,2
2019-11-23 15:45:41,103,4,1
2019-11-23 16:51:07,296,31,8
2019-11-23 17:34:37,264,18,2
2019-11-23 17:55:15,36,5,1
2019-11-23 17:56:06,1,0,0
2019-11-23 18:15:10,161,9,24
2019-11-23 18:26:36,158,9,36
2019-11-23 18:39:32,52,3,0
2019-11-23 18:43:24,52,4,1
2019-11-23 18:45:03,404,42,5
2019-11-23 18:51:05,61,5,1
2019-11-23 19:10:44,57,4,2
2019-11-23 19:25:24,185,12,10
2019-11-23 19:25:58,398,33,5
2019-11-23 19:33:39,152,24,4
2019-11-23 19:38:54,234,33,5
2019-11-23 19:50:43,199,18,1
2019-11-23 19:59:13,60,2,2
2019-11-23 20:11:57,109,14,2
2019-11-23 20:17:18,317,33,1
2019-11-23 20:18:49,99,11,0
2019-11-23 20:21:52,198,50,13
2019-11-23 20:26:11,108,11,0
2019-11-23 20:35:59,67,10,2
2019-11-23 20:39:11,678,138,13
2019-11-23 21:07:01,395,32,5
2019-11-23 21:11:07,1429,100,22
2019-11-23 22:03:59,575,33,3
2019-11-24 07:34:04,1058,58,6
2019-11-24 14:04:35,560,51,6
2019-11-25 06:00:00,80,4,3
2019-11-25 11:19:17,127,4,1
2019-11-25 13:26:07,169,13,1
2019-11-25 17:49:36,182,16,7
2019-11-25 19:01:11,107,8,1
2019-11-25 19:16:53,53,3,5
2019-11-25 19:47:21,83,5,4
2019-11-25 20:08:04,57,4,0
2019-11-25 20:26:03,356,12,5
2019-11-25 20:38:41,95,6,2
2019-11-25 20:53:34,99,7,8
2019-11-25 21:10:23,97,8,0
2019-11-25 21:13:25,102,5,0
2019-11-25 21:30:06,4356,241,40
2019-11-26 06:44:39,476,20,5
2019-11-26 08:37:58,824,52,7
2019-11-26 09:10:40,112,6,3
2019-11-26 09:46:24,473,40,17
2019-11-26 10:18:44,234,13,0
2019-11-26 13:30:43,195,15,3
2019-11-26 13:32:19,343,35,8
2019-11-26 14:45:35,111,6,0
2019-11-26 14:54:27,543,42,12
2019-11-26 15:05:51,146,7,1
2019-11-26 17:54:34,420,35,9
2019-11-26 18:09:58,102,11,2
2019-11-26 18:23:47,106,14,1
2019-11-26 19:30:09,115,10,1
2019-11-26 21:20:06,199,14,2
2019-11-26 21:39:45,213,18,2
2019-11-26 21:52:59,63,3,1
2019-11-27 06:34:00,838,109,5
2019-11-27 09:09:26,271,16,10
2019-11-27 10:19:04,175,12,6
2019-11-27 11:03:33,103,8,4
2019-11-27 11:18:40,232,13,7
2019-11-27 11:52:57,195,10,3
2019-11-27 11:59:09,182,29,3
2019-11-27 12:20:56,157,13,6
2019-11-27 12:59:37,134,5,3
2019-11-27 13:04:48,92,8,2
2019-11-27 13:08:49,97,6,4
2019-11-27 13:15:51,44,5,1
2019-11-27 13:47:02,127,8,0
2019-11-27 14:02:15,90,6,0
2019-11-27 14:27:02,79,5,2
2019-11-27 14:36:25,58,4,3
2019-11-27 14:50:32,356,27,4
2019-11-27 15:06:36,279,14,3
2019-11-27 15:54:31,832,117,12
2019-11-27 17:55:56,181,17,2
2019-11-27 18:51:46,258,26,4
2019-11-27 18:53:59,106,9,1
2019-11-27 19:03:35,73,10,4
2019-11-27 19:08:24,273,12,136
2019-11-27 19:21:04,2554,148,5
2019-11-27 19:34:12,275,19,18
2019-11-27 19:51:02,217,15,6
2019-11-27 19:58:05,197,27,8
2019-11-27 19:59:46,150,22,4
2019-11-27 20:06:24,568,38,7
2019-11-27 20:14:05,878,107,14
2019-11-27 20:23:51,225,39,3
2019-11-27 20:27:29,61,4,13
2019-11-27 20:29:11,82,8,1
2019-11-27 20:37:27,82,5,6
2019-11-27 20:44:22,89,7,3
2019-11-27 20:47:13,122,15,6
2019-11-27 20:48:38,483,52,42
2019-11-27 20:55:29,480,36,6
2019-11-27 21:05:27,353,34,20
2019-11-27 21:17:25,111,10,1
2019-11-27 21:22:04,340,52,6
2019-11-27 21:26:38,627,39,35
2019-11-27 21:38:18,168,33,4
2019-11-27 21:43:39,111,7,1
2019-11-27 21:44:36,171,19,5
2019-11-27 21:46:18,196,11,5
2019-11-27 21:52:44,1346,272,25
2019-11-27 22:02:40,773,48,16
2019-11-27 22:15:23,920,71,6
2019-11-27 22:22:47,702,37,3
2019-11-27 22:28:04,444,40,2
2019-11-27 22:46:34,742,32,7
2019-11-27 23:05:31,2721,307,20
2019-11-27 23:08:31,2908,110,17
2019-11-27 23:50:59,604,32,3
2019-11-27 23:50:59,604,32,3
2019-11-28 06:34:00,1793,159,24
2019-11-28 06:34:00,1793,159,24
2019-11-28 08:01:00,1496,36,47
2019-11-28 08:01:00,1496,36,47
2019-11-28 09:15:14,785,53,10
2019-11-28 09:15:14,785,53,10
2019-11-28 09:49:16,179,26,3
2019-11-28 09:49:16,179,26,3
2019-11-28 11:16:47,518,37,33
2019-11-28 11:16:47,518,37,33
2019-11-28 12:04:48,172,14,2
2019-11-28 12:04:48,172,14,2
2019-11-28 12:53:20,455,23,6
2019-11-28 12:53:20,455,23,6
2019-11-28 23:04:31,444,27,4
2019-11-28 23:04:31,444,27,4
2019-11-29 09:59:53,100,11,4
2019-11-29 10:34:00,61,4,1
2019-11-29 10:57:24,297,19,8
2019-11-29 15:22:19,10988,555,64
2019-11-29 15:22:36,155,6,1
2019-11-29 17:46:49,231,27,16
2019-11-29 18:28:02,103,6,2
2019-11-29 18:44:19,60,4,1
2019-11-29 19:02:59,84,5,1
2019-11-29 19:23:31,95,8,2
2019-11-29 19:49:38,78,6,3
2019-11-29 20:06:43,53,6,0
2019-11-29 20:17:07,108,9,1
2019-11-29 20:29:27,90,8,0
2019-11-29 20:46:02,57,4,5
2019-11-29 20:47:13,65,4,2
2019-11-29 20:53:52,142,19,2
2019-11-29 21:07:08,244,14,3
2019-11-29 21:19:02,210,11,2
2019-11-30 07:01:06,353,20,1
2019-11-30 13:33:06,96,4,2
2019-11-30 15:18:47,177,14,2
2019-11-30 15:47:37,83,7,0
2019-12-01 06:34:00,610,59,9
2019-12-01 08:57:33,172,11,2
2019-12-01 09:06:15,843,31,137
2019-12-01 09:21:15,250,12,3
2019-12-01 10:08:55,248,16,0
2019-12-01 10:52:33,46,6,2
2019-12-01 10:57:44,369,41,5
2019-12-01 11:15:24,205,20,16
2019-12-01 11:28:37,46,5,1
2019-12-01 11:32:40,82,19,20
2019-12-01 11:36:27,164,25,44
2019-12-01 11:41:05,51,7,4
2019-12-01 11:43:10,123,19,5
2019-12-01 11:55:36,221,16,3
2019-12-01 11:57:19,84,2,5
2019-12-01 12:04:36,216,26,16
2019-12-01 12:20:39,112,10,2
2019-12-01 12:32:03,86,5,3
2019-12-01 12:35:51,42,2,0
2019-12-01 12:37:41,496,56,2
2019-12-01 12:42:08,185,20,1
2019-12-01 12:56:17,310,16,2
2019-12-01 12:57:13,1022,157,10
2019-12-01 13:05:57,88,3,1
2019-12-01 13:14:36,759,154,21
2019-12-01 13:53:22,1252,84,17
2019-12-01 15:06:34,1290,106,7
2019-12-01 16:49:00,324,24,5
2019-12-01 17:46:26,696,54,8
2019-12-02 06:14:00,71,2,1
2019-12-02 10:01:14,461,18,7
2019-12-02 10:29:26,2593,73,23
2019-12-02 12:21:57,420,47,3
2019-12-02 15:30:53,433,27,4
2019-12-02 15:45:52,1429,68,7
2019-12-02 15:47:39,303,22,2
2019-12-02 17:22:59,1318,126,14
2019-12-02 19:08:51,4176,237,52
2019-12-02 19:23:13,3733,351,20
2019-12-02 20:15:24,1785,187,3
2019-12-02 21:29:17,10377,997,86
2019-12-03 06:57:20,146,13,7
2019-12-03 08:34:04,450,27,7
2019-12-03 13:57:12,2260,167,20
2019-12-03 17:38:41,198,16,15
2019-12-03 18:04:44,106,13,2
2019-12-03 18:49:19,465,23,43
2019-12-03 20:05:59,133,10,21
2019-12-04 13:14:10,288,25,21
2019-12-04 13:24:53,158,15,6
2019-12-04 18:12:18,114,9,9
2019-12-05 13:01:03,197,7,61
2019-12-05 13:34:00,3502,177,23
2019-12-05 16:53:04,2066,151,14
2019-12-05 17:07:02,366,32,6
2019-12-05 17:58:46,278,17,6
2019-12-05 18:45:05,204,23,4
2019-12-06 06:34:00,444,60,5
2019-12-06 09:38:21,292,12,1
2019-12-06 14:02:04,114,5,1
2019-12-06 14:43:53,581,46,11
2019-12-06 18:02:25,278,24,5
2019-12-06 18:06:08,59,9,1
2019-12-06 18:16:53,56,5,9
2019-12-06 18:30:23,95,8,2
2019-12-06 18:46:12,187,18,3
2019-12-06 18:55:45,392,29,29
2019-12-06 19:11:49,55,5,2
2019-12-06 19:13:56,222,9,7
2019-12-06 19:15:20,0,0,0
2019-12-06 19:30:45,61,4,1
2019-12-06 19:39:58,209,9,3
2019-12-06 19:56:26,81,6,14
2019-12-06 20:03:00,186,26,25
2019-12-06 20:18:11,464,28,15
2019-12-06 20:25:27,190,11,1
2019-12-06 20:30:57,97,12,17
2019-12-06 20:32:53,41,3,3
2019-12-06 20:39:08,98,3,7
2019-12-06 20:51:54,119,17,71
2019-12-06 20:53:02,76,12,13
2019-12-06 20:53:06,69,14,11
2019-12-06 21:01:55,47,6,6
2019-12-06 21:03:30,96,7,12
2019-12-06 21:07:41,804,92,169
2019-12-06 21:43:49,260,10,11
2019-12-06 21:55:18,1073,67,38
2019-12-07 07:00:00,523,32,14
2019-12-07 10:39:14,79,5,0
2019-12-07 12:22:23,143,8,3
2019-12-07 12:44:02,108,5,2
2019-12-07 14:24:28,33,1,0
2019-12-07 14:38:11,78,6,2
2019-12-07 15:24:03,58,3,4
2019-12-07 15:25:58,195,19,4
2019-12-07 15:41:37,364,24,2
2019-12-07 16:46:56,1040,71,15
2019-12-09 06:09:00,66,6,3
2019-12-09 09:04:01,182,12,4
2019-12-09 09:52:05,60,3,0
2019-12-09 10:52:26,252,16,5
2019-12-09 13:04:52,140,15,4
2019-12-09 14:12:11,82,8,2
2019-12-09 14:12:49,119,12,3
2019-12-09 14:27:06,511,71,52
2019-12-09 14:27:20,62,9,1
2019-12-09 15:01:47,1301,48,10
2019-12-09 15:12:18,107,9,1
2019-12-09 16:45:00,842,43,13
2019-12-09 17:49:50,250,18,3
2019-12-09 21:40:23,245,14,3
2019-12-09 22:58:16,570,33,12
2019-12-10 06:35:00,1005,123,12
2019-12-10 07:51:26,106,6,6
2019-12-10 09:10:58,422,25,5
2019-12-10 09:34:27,1418,121,26
2019-12-10 10:25:07,344,16,12
2019-12-10 11:22:11,150,10,4
2019-12-10 11:33:00,84,5,3
2019-12-10 12:20:29,257,21,8
2019-12-10 12:46:29,104,7,12
2019-12-10 12:51:58,857,55,7
2019-12-10 13:04:43,64,4,1
2019-12-10 13:17:42,35,1,0
2019-12-10 13:23:32,37,1,2
2019-12-10 13:48:45,60,6,1
2019-12-10 14:10:20,37,3,2
2019-12-10 14:14:29,53,6,0
2019-12-10 14:20:50,66,3,0
2019-12-10 14:30:34,96,5,2
2019-12-10 14:37:19,88,3,3
2019-12-10 14:56:33,39,1,1
2019-12-10 14:59:28,124,16,6
2019-12-10 15:29:42,402,31,8
2019-12-10 17:43:38,487,54,7
2019-12-10 18:16:05,1852,137,83
2019-12-10 18:55:32,347,31,4
2019-12-10 19:00:49,247,32,2
2019-12-10 19:04:17,86,13,4
2019-12-10 19:09:22,135,16,4
2019-12-10 19:23:11,1109,78,25
2019-12-10 19:40:57,207,21,3
2019-12-10 19:48:59,370,30,16
2019-12-10 19:55:18,150,23,3
2019-12-10 19:56:53,324,53,2
2019-12-10 20:02:21,38,5,0
2019-12-10 20:03:07,606,82,8
2019-12-10 20:07:43,46,10,2
2019-12-10 20:08:20,39,5,1
2019-12-10 20:10:11,43,7,6
2019-12-10 20:24:21,173,36,58
2019-12-10 20:41:16,286,36,18
2019-12-10 20:43:27,41,6,2
2019-12-10 20:44:16,78,10,7
2019-12-10 20:45:28,380,55,77
2019-12-10 21:01:27,460,54,29
2019-12-10 21:01:53,270,24,26
2019-12-10 21:12:58,71,4,5
2019-12-10 21:20:26,72,5,5
2019-12-10 21:23:33,83,12,12
2019-12-10 21:26:08,56,9,1
2019-12-10 21:26:22,386,24,16
2019-12-10 21:26:46,144,17,14
2019-12-10 21:37:25,51,5,15
2019-12-10 21:40:41,61,5,17
2019-12-10 21:45:50,151,16,26
2019-12-10 21:47:01,71,13,15
2019-12-10 21:50:24,117,13,22
2019-12-10 21:52:56,3575,513,942
2019-12-10 22:52:01,249,21,24
2019-12-10 23:03:32,3717,434,163
2019-12-11 07:34:12,2566,195,77
2019-12-11 10:41:20,1099,70,30
2019-12-11 19:12:09,487,18,71
2019-12-12 13:04:42,129,8,22
2019-12-12 14:13:43,80,7,3
2019-12-12 15:24:51,168,12,4
2019-12-12 17:06:34,102,6,3
2019-12-13 11:58:22,100,4,0
2019-12-13 12:06:10,212,18,14
2019-12-13 13:08:38,170,8,4
2019-12-13 13:22:44,227,11,2
2019-12-13 17:46:41,340,28,10
2019-12-13 19:00:32,113,11,4
2019-12-13 19:31:23,147,14,4
2019-12-13 19:50:44,94,12,2
2019-12-13 20:06:24,45,4,0
2019-12-13 20:26:31,327,19,3
2019-12-13 20:41:08,313,25,12
2019-12-13 20:55:02,297,18,7
2019-12-13 21:13:46,387,24,3
2019-12-13 21:19:26,945,57,11
2019-12-14 08:19:15,542,42,7
2019-12-14 08:19:15,542,42,7
2019-12-14 09:08:26,315,31,4
2019-12-14 09:08:26,315,31,4
2019-12-14 12:55:00,378,24,8
2019-12-14 12:55:00,378,24,8
2019-12-14 12:59:15,72,7,1
2019-12-14 12:59:15,72,7,1
2019-12-14 13:34:03,61,10,1
2019-12-14 13:34:03,61,10,1
2019-12-14 15:29:12,124,10,2
2019-12-14 15:29:12,124,10,2
2019-12-14 17:09:19,124,8,1
2019-12-14 17:09:19,124,8,1
2019-12-14 17:22:13,385,19,10
2019-12-14 17:22:13,385,19,10
2019-12-14 21:07:28,92,6,2
2019-12-14 21:07:28,92,6,2
2019-12-14 22:17:53,1109,49,49
2019-12-14 22:17:53,1109,49,49
2019-12-15 06:34:00,817,75,11
2019-12-15 10:31:56,392,23,8
2019-12-15 13:29:09,254,17,14
2019-12-15 14:38:48,185,23,7
2019-12-15 14:41:50,225,23,10
2019-12-15 14:51:45,89,16,8
2019-12-15 15:24:46,188,10,5
2019-12-15 15:44:47,599,33,6
2019-12-15 15:45:32,77,9,4
2019-12-15 15:46:24,187,10,2
2019-12-15 15:50:50,34,5,1
2019-12-15 15:53:40,32,3,4
2019-12-15 16:14:27,117,12,3
2019-12-15 16:16:21,284,20,21
2019-12-15 16:29:52,79,7,7
2019-12-15 16:31:41,151,21,46
2019-12-15 16:48:17,157,19,2
2019-12-15 16:52:23,31,5,3
2019-12-15 17:01:14,45,4,1
2019-12-15 17:02:59,38,4,8
2019-12-15 17:10:42,39,3,1
2019-12-15 17:11:51,47,3,3
2019-12-15 17:15:43,53,3,7
2019-12-15 17:20:25,153,16,7
2019-12-15 17:23:18,39,5,3
2019-12-15 17:26:33,176,15,11
2019-12-15 17:29:44,38,3,2
2019-12-15 17:33:17,102,19,46
2019-12-15 17:36:22,83,8,30
2019-12-15 17:37:40,559,95,130
2019-12-15 18:47:26,488,66,75
2019-12-16 06:06:00,107,7,3
2019-12-16 08:32:20,297,34,15
2019-12-16 09:06:57,114,7,3
2019-12-16 10:15:55,117,11,3
2019-12-16 11:59:49,406,35,19
2019-12-16 12:19:36,1234,214,128
2019-12-16 12:42:11,318,54,16
2019-12-16 15:39:36,292,38,10
2019-12-16 16:03:01,168,12,21
2019-12-16 16:45:50,896,73,7
2019-12-16 18:48:24,117,11,4
2019-12-16 21:36:51,1214,126,10
2019-12-16 22:34:42,272,16,3
2019-12-17 07:04:00,1041,65,11
2019-12-17 10:14:47,1824,88,49
2019-12-17 10:34:02,185,12,8
2019-12-17 12:20:54,340,37,11
2019-12-17 15:47:59,251,20,2
2019-12-17 16:18:17,173,18,3
2019-12-17 16:20:03,187,9,2
2019-12-17 18:31:11,119,4,32
2019-12-17 20:06:45,66,6,0
2019-12-18 06:34:00,520,41,5
2019-12-18 09:06:45,246,11,5
2019-12-18 14:33:51,192,8,3
2019-12-18 15:43:28,134,10,1
2019-12-18 16:24:05,518,32,9
2019-12-18 16:36:53,202,15,1
2019-12-18 17:13:52,151,7,23
2019-12-18 17:44:53,44,2,3
2019-12-18 18:01:17,941,146,9
2019-12-18 18:04:30,111,8,1
2019-12-18 18:16:53,52,12,7
2019-12-18 18:19:02,102,18,6
2019-12-18 18:32:42,93,4,0
2019-12-18 18:33:05,46,8,1
2019-12-18 18:51:50,35,4,3
2019-12-18 18:54:00,148,9,1
2019-12-18 18:56:28,99,8,0
2019-12-18 19:02:30,48,4,7
2019-12-18 19:03:39,77,5,10
2019-12-18 19:08:28,128,11,4
2019-12-18 19:13:01,154,4,18
2019-12-18 19:15:25,202,23,9
2019-12-18 19:16:21,75,8,2
2019-12-18 19:16:33,52,6,17
2019-12-18 19:20:45,496,85,49
2019-12-18 19:34:04,687,42,1
2019-12-18 19:35:43,134,11,7
2019-12-18 19:55:20,131,10,1
2019-12-18 20:42:46,145,12,15
2019-12-19 06:31:00,192,8,1
2019-12-19 15:06:52,218,18,3
2019-12-20 07:01:00,260,11,2
2019-12-20 09:02:42,115,12,4
2019-12-20 11:30:00,98,8,1
2019-12-20 17:48:35,173,15,13
2019-12-20 18:18:41,125,10,4
2019-12-20 19:00:41,47,6,8
2019-12-20 19:45:43,104,10,2
2019-12-20 19:49:29,42,8,0
2019-12-20 20:00:29,194,12,1
2019-12-20 20:05:22,62,6,1
2019-12-20 20:36:01,456,35,5
2019-12-20 20:52:58,135,10,1
2019-12-20 20:56:37,143,10,2
2019-12-20 21:11:48,208,10,1
2019-12-20 21:22:17,1061,81,9
2019-12-21 08:01:05,370,18,8
2019-12-21 12:01:40,9862,1094,264
2019-12-21 12:34:52,1006,50,14
2019-12-21 13:37:51,292,22,6
2019-12-21 13:52:27,96,6,0
2019-12-21 16:57:02,1038,63,9
2019-12-21 21:16:16,448,48,20
2019-12-22 06:34:00,509,55,5
2019-12-22 08:50:13,140,9,2
2019-12-22 09:37:53,276,22,8
2019-12-22 10:22:02,188,12,2
2019-12-22 10:26:58,44,4,0
2019-12-22 10:27:55,242,31,4
2019-12-22 10:32:32,274,41,15
2019-12-22 11:11:10,96,3,0
2019-12-22 11:12:11,273,15,8
2019-12-22 11:16:04,130,10,2
2019-12-22 11:17:56,129,18,3
2019-12-22 11:24:42,473,28,11
2019-12-22 11:24:43,54,5,2
2019-12-22 11:28:35,67,3,2
2019-12-22 11:30:16,54,5,1
2019-12-22 11:36:05,1435,133,4
2019-12-22 11:45:46,345,37,2
2019-12-22 12:00:41,125,7,2
2019-12-22 12:05:00,310,37,9
2019-12-22 12:07:16,42,4,1
2019-12-22 12:15:44,299,44,2
2019-12-22 12:21:28,170,13,4
2019-12-22 12:22:34,118,15,3
2019-12-22 12:24:41,168,14,2
2019-12-22 12:31:18,117,15,3
2019-12-22 12:31:23,345,47,5
2019-12-22 12:45:55,322,31,6
2019-12-22 12:51:06,49,4,3
2019-12-22 12:52:40,230,20,3
2019-12-22 12:55:16,330,38,9
2019-12-22 12:56:50,66,7,5
2019-12-22 13:07:33,53,8,12
2019-12-22 13:09:52,912,162,18
2019-12-22 13:31:27,340,34,3
2019-12-22 13:36:22,295,25,1
2019-12-22 13:43:23,1359,48,43
2019-12-22 15:53:57,730,35,11
2019-12-22 18:29:59,1020,107,8
2019-12-23 06:10:00,166,8,5
2019-12-23 06:58:00,159,7,2
2019-12-23 09:21:39,65,9,4
2019-12-23 14:59:33,160,10,10
2019-12-23 15:01:25,2446,141,15
2019-12-23 15:48:07,327,25,11
2019-12-24 07:02:49,331,16,2
2019-12-24 09:57:03,249,24,4
2019-12-24 17:25:00,221,13,11
2019-12-24 18:34:47,1107,94,34
2019-12-25 09:32:10,471,32,12
2019-12-25 18:34:14,1883,165,20
2019-12-26 07:01:00,655,44,4
2019-12-27 12:47:18,89,8,1
2019-12-27 13:00:00,157,12,2
2019-12-27 17:33:43,357,23,4
2019-12-27 18:00:15,291,13,9
2019-12-28 08:00:00,501,24,26
2019-12-29 11:41:16,92,7,1
2019-12-29 15:39:01,134,10,2
2019-12-29 17:34:29,59,4,2
2019-12-30 06:01:00,82,6,1
2019-12-30 06:01:00,82,6,1
2019-12-30 10:03:20,108,16,7
2019-12-30 10:03:20,108,16,7
2019-12-30 11:01:07,365,31,9
2019-12-30 11:01:07,365,31,9
2019-12-30 12:25:20,94,8,4
2019-12-30 12:25:20,94,8,4
2019-12-30 16:01:00,242,16,5
2019-12-30 16:01:00,242,16,5
2019-12-31 09:04:29,138,10,0
2019-12-31 09:48:10,383,46,4
2019-12-31 11:52:50,118,11,4
2019-12-31 12:20:24,10147,869,56
2019-12-31 15:01:00,122,9,9
2019-12-31 23:02:23,1367,141,27
2020-01-01 12:42:44,178,15,4
2020-01-01 16:49:46,2559,109,29
2020-01-02 10:40:18,621,45,8
2020-01-03 10:18:42,1050,64,7
2020-01-03 10:51:48,186,8,3
2020-01-03 11:59:25,1016,64,13
2020-01-03 14:02:12,468,42,34
2020-01-04 06:34:00,805,64,10
2020-01-04 08:59:13,201,10,4
2020-01-04 09:15:52,446,36,13
2020-01-04 09:29:14,212,20,4
2020-01-04 09:31:09,315,23,6
2020-01-04 09:33:56,257,20,2
2020-01-04 09:39:20,243,18,4
2020-01-04 12:32:07,476,29,5
2020-01-04 18:32:00,290,14,4
2020-01-04 19:12:14,584,32,8
2020-01-05 10:06:13,603,156,49
2020-01-05 11:08:54,941,41,88
2020-01-05 11:13:53,300,17,3
2020-01-05 11:16:20,215,11,4
2020-01-05 13:18:33,468,25,9
2020-01-05 13:39:37,159,14,2
2020-01-05 16:28:21,213,19,3
2020-01-05 16:52:08,229,13,3
2020-01-05 20:33:12,202,13,3
2020-01-06 06:14:00,115,5,2
2020-01-06 09:52:40,184,9,1
2020-01-06 10:12:35,60,4,0
2020-01-06 10:39:03,211,17,2
2020-01-06 10:41:21,127,8,0
2020-01-06 10:43:46,136,11,4
2020-01-06 10:48:01,57,5,0
2020-01-06 10:51:29,196,13,5
2020-01-06 11:30:21,103,5,5
2020-01-06 14:54:09,635,66,10
2020-01-06 15:04:50,179,15,1
2020-01-06 15:07:43,124,8,2
2020-01-07 06:18:05,346,25,4
2020-01-07 10:01:01,301,22,4
2020-01-07 11:28:33,166,15,1
2020-01-07 12:03:47,456,30,5
2020-01-07 14:44:27,5,0,1
2020-01-07 16:23:21,356,16,4
2020-01-07 17:09:27,107,10,41
2020-01-07 19:05:39,185,11,3
2020-01-07 19:27:09,119,11,2
2020-01-07 19:34:57,277,16,4
2020-01-08 07:42:53,302,18,65
2020-01-08 10:16:59,125,9,3
2020-01-08 10:20:07,858,59,8
2020-01-08 10:27:00,219,14,3
2020-01-08 10:46:46,225,14,2
2020-01-08 10:54:00,156,13,23
2020-01-08 11:08:41,13,0,0
2020-01-08 11:25:18,209,13,3
2020-01-08 14:03:12,145,13,6
2020-01-08 19:46:40,269,14,25
2020-01-08 20:19:58,96,8,2
2020-01-09 06:34:00,211,20,2
2020-01-09 07:30:00,91,9,7
2020-01-09 08:46:23,627,39,6
2020-01-09 09:10:04,196,17,2
2020-01-09 09:45:59,343,22,36
2020-01-09 12:52:49,124,7,3
2020-01-09 13:18:48,97,7,3
2020-01-09 14:57:47,146,11,5
2020-01-09 15:15:07,306,45,14
2020-01-09 15:44:27,218,18,13
2020-01-09 16:08:01,60,6,2
2020-01-09 16:20:20,130,20,7
2020-01-09 16:32:59,175,19,6
2020-01-09 16:41:46,278,19,2
2020-01-09 16:46:16,152,16,8
2020-01-09 17:03:03,91,7,1
2020-01-09 17:04:46,63,6,1
2020-01-09 17:19:24,42,4,2
2020-01-09 17:24:37,73,4,2
2020-01-09 17:52:59,200,31,3
2020-01-09 18:30:29,176,17,4
2020-01-09 20:01:00,186,8,1
2020-01-10 07:08:22,122,6,5
2020-01-10 07:44:22,482,12,3
2020-01-10 08:36:38,268,21,2
2020-01-10 09:09:03,166,22,2
2020-01-10 10:18:42,6,0,0
2020-01-10 11:08:00,157,7,3
2020-01-10 12:49:29,535,16,144
2020-01-10 15:02:13,682,71,15
2020-01-10 16:02:41,64,9,7
2020-01-10 18:12:41,228,10,2
2020-01-10 18:31:00,126,6,9
2020-01-11 06:34:00,352,33,2
2020-01-11 06:53:59,175,14,3
2020-01-11 09:01:50,3458,283,40
2020-01-11 09:17:30,155,12,3
2020-01-11 10:27:04,520,30,3
2020-01-11 12:14:13,135,10,1
2020-01-11 13:02:46,121,9,0
2020-01-11 13:56:25,118,4,2
2020-01-11 15:00:18,294,35,29
2020-01-11 15:13:56,249,20,4
2020-01-11 15:35:05,93,8,2
2020-01-11 15:58:27,113,8,0
2020-01-11 15:59:40,90,7,0
2020-01-11 16:09:41,42,5,0
2020-01-11 16:27:23,160,10,1
2020-01-11 16:47:57,106,10,8
2020-01-11 16:54:40,170,11,3
2020-01-11 17:03:04,80,3,1
2020-01-11 17:06:38,77,4,1
2020-01-11 17:16:09,354,24,2
2020-01-11 17:19:54,70,2,0
2020-01-11 17:26:23,83,4,1
2020-01-11 17:30:28,84,4,3
2020-01-11 17:41:24,47,8,4
2020-01-11 17:49:24,313,55,10
2020-01-11 18:16:20,2524,348,79
2020-01-11 20:09:45,298,22,6
2020-01-12 06:34:00,578,33,8
2020-01-12 08:14:04,233,14,1
2020-01-12 08:20:06,551,26,7
2020-01-12 13:25:00,1188,44,14
2020-01-12 19:04:58,581,22,11
2020-01-12 20:24:15,155,10,5
2020-01-13 06:14:00,91,3,1
2020-01-13 16:58:28,3,0,1
2020-01-13 17:53:23,208,16,11
2020-01-13 18:01:37,22,0,0
2020-01-13 19:46:39,111,8,2
2020-01-13 19:51:39,1935,133,23
2020-01-13 20:03:48,157,12,1
2020-01-13 20:48:54,104,9,4
2020-01-13 20:53:38,120,12,7
2020-01-14 09:20:07,415,22,2
2020-01-14 12:36:21,149,13,2
2020-01-14 12:57:25,788,74,10
2020-01-14 13:26:04,634,35,6
2020-01-14 13:26:04,634,35,6
2020-01-14 13:36:19,246,15,1
2020-01-14 13:36:19,246,15,1
2020-01-14 14:54:57,191,12,7
2020-01-14 14:54:57,191,12,7
2020-01-15 06:34:00,1122,46,16
2020-01-15 06:34:00,1122,46,16
2020-01-15 07:48:07,586,18,4
2020-01-15 07:48:07,586,18,4
2020-01-15 11:16:22,320,43,6
2020-01-15 11:16:22,320,43,6
2020-01-15 11:35:31,201,13,10
2020-01-15 11:35:31,201,13,10
2020-01-15 13:04:29,236,8,4
2020-01-15 13:04:29,236,8,4
2020-01-15 15:15:43,262,23,49
2020-01-15 15:15:43,262,23,49
2020-01-15 16:06:55,513,30,10
2020-01-15 16:06:55,513,30,10
2020-01-15 18:54:13,142,4,15
2020-01-15 18:54:13,142,4,15
2020-01-15 19:25:55,1727,127,37
2020-01-15 19:25:55,1727,127,37
2020-01-16 07:36:00,257,13,1
2020-01-16 08:01:49,195,7,0
2020-01-16 08:29:06,517,16,4
2020-01-16 09:20:45,99,5,4
2020-01-16 18:14:11,3688,182,18
2020-01-17 08:01:41,833,102,9
2020-01-17 11:44:01,79,5,1
2020-01-17 13:34:50,119,6,2
2020-01-17 16:17:15,185,8,2
2020-01-17 18:24:03,192,8,2
2020-01-18 06:34:02,512,36,11
2020-01-18 11:00:40,1129,72,29
2020-01-18 11:38:32,118,8,2
2020-01-18 12:30:10,378,18,5
2020-01-18 12:37:20,135,12,1
2020-01-18 13:31:48,266,21,3
2020-01-18 15:06:24,116,4,3
2020-01-18 16:20:24,163,11,2
2020-01-18 16:37:58,4,0,0
2020-01-18 21:30:06,503,29,18
2020-01-19 06:34:00,257,30,6
2020-01-19 08:16:35,524,35,6
2020-01-19 09:43:46,239,13,6
2020-01-19 11:28:16,747,47,14
2020-01-19 12:36:15,359,21,8
2020-01-19 12:37:43,178,13,12
2020-01-19 12:38:53,51,4,1
2020-01-19 12:45:05,106,9,0
2020-01-19 13:24:45,429,25,5
2020-01-19 13:28:35,150,19,4
2020-01-19 13:36:22,45,6,2
2020-01-19 13:42:19,76,4,4
2020-01-19 13:49:57,123,9,3
2020-01-19 13:53:31,777,46,8
2020-01-19 14:16:00,287,25,16
2020-01-19 14:32:04,294,21,2
2020-01-19 14:43:14,91,5,5
2020-01-19 14:56:46,177,13,6
2020-01-19 14:59:53,208,25,2
2020-01-19 15:00:47,45,10,13
2020-01-19 15:02:16,138,9,8
2020-01-19 15:17:13,45,4,3
2020-01-19 15:21:20,781,111,30
2020-01-19 15:48:23,1236,82,24
2020-01-19 16:14:23,387,28,9
2020-01-19 16:24:02,839,31,4
2020-01-20 06:22:00,109,3,3
2020-01-20 10:09:02,465,43,17
2020-01-20 10:15:38,199,10,2
2020-01-20 15:00:09,133,9,3
2020-01-20 17:00:37,486,43,5
2020-01-20 17:45:24,382,36,9
2020-01-20 19:01:19,69,2,10
2020-01-20 19:42:13,121,3,1
2020-01-20 19:48:48,61,5,1
2020-01-20 20:06:32,58,5,2
2020-01-20 20:15:54,99,8,0
2020-01-20 20:18:52,358,19,5
2020-01-20 20:24:29,55,1,4
2020-01-20 20:33:48,87,6,1
2020-01-20 20:35:09,148,14,3
2020-01-20 20:52:31,197,24,9
2020-01-20 21:31:56,482,39,6
2020-01-20 21:38:17,1669,171,23
2020-01-21 10:04:32,224,15,2
2020-01-21 13:54:12,1073,75,7
2020-01-21 14:47:27,330,14,3
2020-01-21 15:21:03,230,9,3
2020-01-21 15:42:44,138,9,3
2020-01-21 16:28:00,288,17,4
2020-01-21 17:43:16,271,14,4
2020-01-22 06:34:00,494,50,8
2020-01-22 09:36:34,151,6,4
2020-01-22 10:04:47,1111,82,41
2020-01-22 10:44:28,147,12,6
2020-01-22 11:02:02,440,50,12
2020-01-22 17:36:20,358,26,10
2020-01-22 18:39:46,517,27,10
2020-01-22 18:46:24,142,6,4
2020-01-22 19:17:38,10,0,2
2020-01-22 19:26:12,59,6,2
2020-01-22 19:33:57,118,6,28
2020-01-22 19:34:39,220,14,2
2020-01-22 19:45:21,202,14,6
2020-01-22 20:10:25,164,17,3
2020-01-22 20:21:42,270,19,12
2020-01-22 20:30:30,93,7,0
2020-01-22 20:33:12,155,18,3
2020-01-22 20:35:31,45,1,1
2020-01-22 20:48:37,606,57,17
2020-01-22 20:48:55,52,7,1
2020-01-22 20:53:47,96,9,3
2020-01-22 20:57:46,94,7,1
2020-01-22 21:03:54,115,14,7
2020-01-22 21:11:22,307,33,4
2020-01-22 21:18:18,646,83,9
2020-01-22 21:30:45,408,47,4
2020-01-22 21:33:50,552,116,12
2020-01-22 21:46:06,340,26,1
2020-01-22 22:07:57,1107,85,11
2020-01-22 22:14:46,1041,53,7
2020-01-22 22:22:05,361,25,4
2020-01-22 22:55:32,414,22,7
2020-01-23 06:34:00,294,12,7
2020-01-23 06:37:02,996,115,8
2020-01-23 12:50:20,14033,1339,361
2020-01-23 14:29:44,354,21,7
2020-01-23 21:45:05,141,7,7
2020-01-24 07:01:00,2335,166,14
2020-01-24 10:25:29,186,10,2
2020-01-24 10:41:04,37,0,1
2020-01-24 15:32:17,86,4,1
2020-01-24 17:45:26,155,17,2
2020-01-24 17:58:35,141,13,5
2020-01-24 18:28:02,172,7,1
2020-01-24 19:00:47,56,6,1
2020-01-24 19:47:48,154,12,1
2020-01-24 19:49:11,71,7,1
2020-01-24 20:02:21,64,3,2
2020-01-24 20:06:52,39,5,2
2020-01-24 20:11:32,121,8,3
2020-01-24 20:23:06,156,10,5
2020-01-24 20:34:21,199,7,1
2020-01-24 20:36:15,32,3,0
2020-01-24 20:44:24,46,4,5
2020-01-24 20:51:16,120,14,10
2020-01-24 21:09:27,86,7,1
2020-01-24 21:58:35,1996,119,14
2020-01-25 08:00:09,105,4,1
2020-01-25 09:02:26,92,5,1
2020-01-25 11:12:19,116,9,2
2020-01-25 11:43:02,115,7,0
2020-01-25 12:30:48,137,6,0
2020-01-25 12:45:17,119,11,1
2020-01-25 13:34:04,95,2,1
2020-01-25 14:29:13,45,4,1
2020-01-25 15:33:58,166,20,13
2020-01-25 15:49:36,128,4,3
2020-01-25 16:19:41,252,13,5
2020-01-25 16:27:35,154,12,7
2020-01-25 22:00:29,598,25,6
2020-01-26 06:34:00,680,70,11
2020-01-26 08:52:24,180,11,4
2020-01-26 12:01:26,157,10,10
2020-01-26 12:30:56,115,19,12
2020-01-26 12:31:46,215,15,9
2020-01-26 12:39:46,205,18,2
2020-01-26 13:10:49,260,16,12
2020-01-26 13:23:41,120,7,2
2020-01-26 13:30:36,137,11,3
2020-01-26 13:46:48,108,16,34
2020-01-26 13:56:56,73,2,12
2020-01-26 14:09:11,73,3,11
2020-01-26 14:09:36,132,9,15
2020-01-26 14:20:13,135,15,34
2020-01-26 14:36:21,71,9,16
2020-01-26 14:42:55,131,13,57
2020-01-26 14:44:31,43,7,11
2020-01-26 14:50:47,148,11,29
2020-01-26 15:04:16,99,8,3
2020-01-26 15:10:51,276,20,7
2020-01-26 15:17:12,130,13,5
2020-01-26 15:21:38,63,5,5
2020-01-26 15:25:46,536,73,129
2020-01-26 16:00:36,170,12,34
2020-01-27 06:14:00,118,7,7
2020-01-27 09:03:33,406,24,13
2020-01-27 14:11:00,187,9,5
2020-01-27 16:12:35,561,32,365
2020-01-28 06:34:04,458,29,13
2020-01-28 09:07:29,87,3,2
2020-01-28 09:13:58,125,10,2
2020-01-28 10:05:40,581,34,9
2020-01-28 13:53:50,2753,385,36
2020-01-28 19:25:01,256,20,9
2020-01-28 20:44:10,474,27,11
2020-01-29 09:00:05,442,20,12
2020-01-29 09:06:43,424,11,10
2020-01-29 14:45:10,243,11,2
2020-01-29 15:42:40,136,6,2
2020-01-29 15:45:44,107,4,15
2020-01-29 16:35:14,573,37,22
2020-01-30 16:00:13,99,6,7
2020-01-31 11:05:56,106,8,5
2020-01-31 13:44:23,77,5,0
2020-01-31 13:44:23,77,5,0
2020-01-31 13:45:47,13477,1071,176
2020-01-31 13:45:47,13477,1071,176
2020-01-31 14:00:04,659,29,3
2020-01-31 14:00:04,659,29,3
2020-01-31 14:05:25,149,10,1
2020-01-31 14:05:25,149,10,1
2020-01-31 14:10:28,132,12,2
2020-01-31 14:10:28,132,12,2
2020-01-31 14:26:07,361,21,4
2020-01-31 14:26:07,361,21,4
2020-01-31 14:33:03,189,12,6
2020-01-31 14:33:03,189,12,6
2020-01-31 14:43:31,58,5,3
2020-01-31 17:46:00,139,15,3
2020-01-31 18:24:02,143,12,3
2020-01-31 18:24:02,143,12,3
2020-01-31 20:24:18,344,20,14
2020-01-31 20:24:18,344,20,14
2020-01-31 21:17:39,851,69,14
2020-01-31 21:17:39,851,69,14
2020-02-01 09:10:53,216,17,7
2020-02-01 13:01:56,91,5,2
2020-02-01 16:14:21,178,13,2
2020-02-01 16:22:18,479,29,7
2020-02-01 16:52:35,154,12,1
2020-02-01 17:45:00,178,17,6
2020-02-01 22:01:00,390,24,2
2020-02-02 06:34:00,430,69,5
2020-02-02 06:40:00,1209,79,31
2020-02-02 07:09:33,182,9,1
2020-02-02 08:41:20,370,18,6
2020-02-02 09:29:49,240,23,4
2020-02-02 13:28:02,387,26,6
2020-02-02 13:49:18,323,27,3
2020-02-02 14:15:55,203,14,42
2020-02-02 14:36:02,262,20,1
2020-02-02 14:37:22,319,32,10
2020-02-02 14:37:48,75,6,3
2020-02-02 15:05:13,66,5,3
2020-02-02 15:14:49,295,12,3
2020-02-02 15:32:52,179,13,1
2020-02-02 15:44:42,61,4,0
2020-02-02 15:55:04,79,6,1
2020-02-02 16:04:23,213,14,2
2020-02-02 16:08:05,63,6,1
2020-02-02 16:13:54,670,58,5
2020-02-02 16:17:43,128,15,8
2020-02-02 16:21:07,187,12,5
2020-02-02 16:30:41,403,38,11
2020-02-02 16:36:58,153,12,15
2020-02-02 16:37:22,233,29,14
2020-02-02 16:49:47,1098,45,18
2020-02-02 16:54:45,162,9,1
2020-02-02 16:54:52,54,9,2
2020-02-02 17:00:06,123,6,18
2020-02-02 17:13:23,134,7,23
2020-02-02 17:25:26,244,8,24
2020-02-02 17:34:00,70,3,4
2020-02-02 17:43:45,1238,225,36
2020-02-02 17:55:33,1477,143,41
2020-02-02 18:09:35,2640,252,37
2020-02-02 18:22:40,211,15,3
2020-02-03 06:34:00,245,11,4
2020-02-03 07:30:00,77,3,1
2020-02-03 08:01:10,245,20,1
2020-02-03 11:26:38,274,15,1
2020-02-03 13:51:02,11,0,1
2020-02-03 14:51:27,125,6,31
2020-02-03 17:45:44,142,18,8
2020-02-03 19:14:03,88,8,1
2020-02-03 19:18:09,126,10,5
2020-02-03 19:34:38,152,14,3
2020-02-03 19:47:09,164,11,4
2020-02-03 20:11:05,160,17,28
2020-02-03 20:14:45,145,12,4
2020-02-03 20:21:09,70,5,10
2020-02-03 20:31:29,63,1,3
2020-02-03 20:39:32,60,4,2
2020-02-03 20:47:17,134,9,3
2020-02-03 20:52:02,303,22,8
2020-02-03 21:14:29,179,7,3
2020-02-04 06:44:11,363,17,4
2020-02-04 09:11:00,399,26,1
2020-02-04 10:14:56,270,20,1
2020-02-04 13:02:19,378,14,4
2020-02-04 13:39:14,227,11,10
2020-02-04 14:24:00,268,11,2
2020-02-04 14:43:09,226,14,2
2020-02-05 07:01:38,288,12,3
2020-02-05 12:50:20,1092,47,30
2020-02-05 19:04:28,354,20,4
2020-02-05 20:11:07,114,6,7
2020-02-05 20:33:45,87,7,3
2020-02-06 12:34:49,96,6,3
2020-02-06 18:13:59,183,14,5
2020-02-07 09:39:08,96,5,4
2020-02-07 10:23:38,342,21,8
2020-02-07 12:32:19,1772,121,42
2020-02-07 13:36:23,97,7,7
2020-02-07 13:46:50,93,6,0
2020-02-07 13:48:44,175,8,1
2020-02-07 13:54:08,129,8,5
2020-02-07 14:19:49,214,16,5
2020-02-07 14:23:10,151,9,6
2020-02-07 21:29:00,274,5,0
2020-02-08 11:11:20,635,25,15
2020-02-08 12:06:31,248,11,7
2020-02-08 16:01:03,708,85,41
2020-02-09 07:30:08,628,45,6
2020-02-09 08:01:07,875,39,8
2020-02-09 10:39:15,510,42,20
2020-02-09 21:05:30,160,15,2
2020-02-10 07:35:24,151,6,1
2020-02-10 07:51:10,277,13,8
2020-02-10 08:45:56,345,19,1
2020-02-10 10:30:25,598,44,29
2020-02-10 17:46:00,180,20,13
2020-02-10 19:02:49,109,7,5
2020-02-10 19:26:59,53,5,3
2020-02-10 19:43:37,64,4,4
2020-02-10 19:49:30,86,8,3
2020-02-10 20:05:07,50,4,2
2020-02-10 20:09:53,91,5,8
2020-02-10 20:17:14,89,4,12
2020-02-10 20:25:38,69,2,1
2020-02-10 20:27:39,70,2,5
2020-02-10 20:35:05,101,4,11
2020-02-10 20:40:24,49,1,2
2020-02-10 20:41:06,172,17,31
2020-02-10 20:49:21,392,30,68
2020-02-11 06:34:00,356,20,2
2020-02-11 06:50:05,630,47,11
2020-02-11 11:03:50,571,10,205
2020-02-11 11:13:56,148,6,2
2020-02-11 11:16:00,117,10,0
2020-02-11 14:48:18,287,20,1
2020-02-11 15:41:48,233,8,41
2020-02-11 15:46:23,192,13,1
2020-02-11 16:16:32,108,7,1
2020-02-11 16:24:21,699,32,31
2020-02-11 18:51:03,112,4,15
2020-02-12 06:34:00,598,54,4
2020-02-12 09:09:01,197,12,12
2020-02-12 11:05:00,362,27,8
2020-02-12 14:56:08,425,29,24
2020-02-12 18:05:36,227,14,9
2020-02-12 18:38:26,144,12,13
2020-02-12 18:46:57,811,52,14
2020-02-12 19:42:34,620,48,10
2020-02-12 20:16:33,111,6,13
2020-02-12 20:21:09,132,13,2
2020-02-12 20:22:28,70,4,6
2020-02-12 20:23:37,70,3,1
2020-02-12 20:31:28,54,3,2
2020-02-12 20:33:11,287,26,13
2020-02-12 20:49:32,144,10,2
2020-02-12 21:17:48,271,18,4
2020-02-12 21:21:29,857,81,14
2020-02-12 21:24:50,866,97,21
2020-02-12 21:26:38,119,10,7
2020-02-12 21:30:03,203,14,2
2020-02-12 21:32:36,147,8,27
2020-02-12 21:36:10,622,126,16
2020-02-12 21:47:32,453,31,3
2020-02-12 22:08:38,5453,155,54
2020-02-12 22:25:23,472,37,9
2020-02-12 22:36:51,380,20,6
2020-02-13 07:01:41,238,9,2
2020-02-13 08:02:30,685,26,11
2020-02-13 10:52:03,1233,36,16
2020-02-13 11:21:50,144,5,1
2020-02-13 12:00:27,38385,7594,568
2020-02-13 15:44:08,223,8,1
2020-02-13 15:54:24,805,67,14
2020-02-13 16:08:34,269,17,4
2020-02-13 16:20:29,191,10,7
2020-02-14 07:06:36,410,11,10
2020-02-14 08:05:33,238,9,6
2020-02-14 08:54:12,108,7,2
2020-02-14 09:03:38,147,11,4
2020-02-14 10:14:44,193,17,9
2020-02-14 12:15:12,680,62,10
2020-02-14 18:20:27,114,6,4
2020-02-15 08:37:40,153,7,5
2020-02-15 11:16:27,565,30,3
2020-02-15 11:24:40,279,13,6
2020-02-15 12:06:58,372,19,7
2020-02-15 13:15:14,124,8,3
2020-02-15 13:33:49,103,3,4
2020-02-15 15:31:35,97,6,1
2020-02-15 16:09:03,89,3,2
2020-02-15 16:52:34,99,5,1
2020-02-15 18:15:44,92,5,2
2020-02-15 18:47:00,207,10,4
2020-02-16 06:34:00,932,74,12
2020-02-16 08:33:46,234,9,3
2020-02-16 11:08:10,2098,111,26
2020-02-16 11:56:19,187,18,5
2020-02-16 12:31:47,321,24,2
2020-02-16 13:01:58,181,12,3
2020-02-16 13:43:53,114,7,0
2020-02-16 13:44:42,101,4,2
2020-02-16 13:58:12,186,18,7
2020-02-16 14:06:46,194,14,2
2020-02-16 14:18:24,203,21,20
2020-02-16 14:34:07,131,9,1
2020-02-16 14:34:40,326,32,17
2020-02-16 14:44:02,180,18,3
2020-02-16 14:50:40,158,15,3
2020-02-16 15:02:01,109,7,24
2020-02-16 15:05:08,80,6,21
2020-02-16 15:07:47,119,12,4
2020-02-16 15:20:01,143,17,0
2020-02-16 15:22:25,465,101,7
2020-02-16 15:43:18,645,39,7
2020-02-16 16:03:23,176,8,2
2020-02-16 16:14:38,262,19,2
2020-02-16 21:04:15,92,5,5
2020-02-17 09:21:12,1479,55,54
2020-02-17 11:55:12,340,18,4
2020-02-17 11:55:12,340,18,4
2020-02-17 12:20:23,226,13,6
2020-02-17 12:20:23,226,13,6
2020-02-17 13:52:00,823,74,27
2020-02-17 13:52:00,823,74,27
2020-02-17 14:23:33,639,46,20
2020-02-17 14:23:33,639,46,20
2020-02-17 16:18:21,2344,267,154
2020-02-17 16:18:21,2344,267,154
2020-02-17 17:45:47,157,16,14
2020-02-17 17:45:47,157,16,14
2020-02-17 19:02:27,185,6,3
2020-02-17 19:02:27,185,6,3
2020-02-17 19:22:38,138,6,2
2020-02-17 19:22:38,138,6,2
2020-02-17 19:33:43,156,6,3
2020-02-17 19:33:43,156,6,3
2020-02-17 19:42:44,36,2,1
2020-02-17 19:42:44,36,2,1
2020-02-17 19:49:42,86,7,2
2020-02-17 19:49:42,86,7,2
2020-02-17 20:06:59,54,2,0
2020-02-17 20:06:59,54,2,0
2020-02-17 20:24:14,34,1,1
2020-02-17 20:24:14,34,1,1
2020-02-17 20:33:27,48,1,11
2020-02-17 20:33:27,48,1,11
2020-02-17 20:53:58,61,5,7
2020-02-17 20:53:58,61,5,7
2020-02-17 20:55:27,114,7,8
2020-02-17 20:55:27,114,7,8
2020-02-18 09:08:14,254,5,4
2020-02-18 13:15:00,198,12,3
2020-02-18 20:49:52,197,12,9
2020-02-19 08:50:16,200,11,3
2020-02-19 10:35:54,154,11,3
2020-02-19 10:58:24,479,29,13
2020-02-19 11:17:11,264,17,6
2020-02-19 11:20:04,466,36,18
2020-02-19 11:24:02,166,13,2
2020-02-19 12:40:55,456,12,5
2020-02-19 13:07:29,174,12,6
2020-02-19 13:38:39,149,7,1
2020-02-19 17:34:16,354,24,3
2020-02-19 18:01:22,282,32,8
2020-02-19 19:20:19,90,4,3
2020-02-19 21:13:13,452,24,8
2020-02-19 21:14:49,271,14,2
2020-02-19 21:36:19,150,7,1
2020-02-20 06:34:00,849,92,13
2020-02-20 07:01:01,1194,99,8
2020-02-20 09:05:49,281,15,6
2020-02-20 10:01:15,143,12,4
2020-02-20 12:01:37,455,21,3
2020-02-20 12:09:21,309,14,6
2020-02-20 12:27:02,544,23,16
2020-02-20 15:39:27,786,41,6
2020-02-20 16:33:45,191,11,12
2020-02-20 16:47:46,451,31,4
2020-02-20 16:55:51,154,18,5
2020-02-20 17:21:44,305,8,1
2020-02-20 17:23:53,274,13,12
2020-02-20 17:30:26,156,7,4
2020-02-20 17:53:41,253,24,3
2020-02-20 18:20:55,143,12,11
2020-02-20 18:25:52,90,2,5
2020-02-20 18:31:21,66,3,8
2020-02-20 18:31:55,555,119,73
2020-02-20 18:39:36,117,6,6
2020-02-20 18:43:57,256,34,64
2020-02-20 19:00:43,196,20,4
2020-02-20 19:09:15,57,4,13
2020-02-20 19:11:01,110,4,26
2020-02-20 19:22:53,134,13,11
2020-02-20 19:36:31,331,17,23
2020-02-20 19:48:57,502,67,89
2020-02-20 19:50:31,1291,176,273
2020-02-20 20:32:39,1241,96,25
2020-02-21 08:45:48,160,12,4
2020-02-21 09:48:32,108,2,2
2020-02-21 17:45:00,177,16,4
2020-02-21 18:50:04,78,4,1
2020-02-21 19:02:18,57,3,2
2020-02-21 19:20:33,404,26,4
2020-02-21 19:52:05,99,3,1
2020-02-21 20:04:09,80,1,1
2020-02-21 20:08:10,209,14,4
2020-02-21 20:49:41,365,36,8
2020-02-21 20:56:11,228,11,4
2020-02-21 21:17:08,163,9,1
2020-02-22 13:07:25,112,1,3
2020-02-22 15:20:38,164,7,5
2020-02-22 17:13:51,285,15,4
2020-02-22 17:16:55,192,10,3
2020-02-22 17:20:27,200,9,5
2020-02-22 18:36:55,10472,1075,510
2020-02-23 06:34:00,547,39,10
2020-02-23 08:43:42,145,6,3
2020-02-23 13:59:16,216,12,15
2020-02-23 14:29:34,148,17,4
2020-02-23 14:44:57,147,7,2
2020-02-23 14:49:49,64,6,4
2020-02-23 15:31:36,181,17,5
2020-02-23 15:43:31,147,11,3
2020-02-23 16:05:24,72,5,1
2020-02-23 16:14:51,159,8,13
2020-02-23 16:22:18,83,6,7
2020-02-23 16:32:33,160,15,25
2020-02-23 16:49:12,160,12,21
2020-02-23 17:17:07,222,24,23
2020-02-23 17:20:38,133,16,80
2020-02-23 17:24:05,82,10,16
2020-02-23 17:38:19,513,63,168
2020-02-24 09:15:39,131,6,4
2020-02-24 19:12:48,498,33,14
2020-02-25 12:02:40,540,52,11
2020-02-26 10:10:47,117,6,9
2020-02-26 12:48:52,119,5,3
2020-02-26 14:06:18,835,93,124
2020-02-26 14:16:38,114,4,4
2020-02-26 15:19:16,111,6,2
2020-02-26 16:55:25,179,10,8
2020-02-26 17:07:17,941,31,5
2020-02-26 17:16:46,138,8,4
2020-02-26 19:10:48,61,0,5
2020-02-27 06:34:00,801,105,31
2020-02-27 08:59:18,308,41,6
2020-02-27 10:04:14,160,8,6
2020-02-27 13:47:20,703,52,15
2020-02-27 18:49:49,220,15,5
2020-02-27 19:02:25,81,7,8
2020-02-27 19:06:01,225,15,2
2020-02-27 19:41:21,166,9,41
2020-02-27 19:54:41,237,24,4
2020-02-27 20:00:45,156,21,12
2020-02-27 20:05:22,364,50,80
2020-02-27 20:23:22,173,8,7
2020-02-27 20:37:27,197,12,32
2020-02-27 20:47:26,318,36,62
2020-02-27 21:03:14,158,16,8
2020-02-27 21:03:50,227,16,20
2020-02-27 21:18:42,147,6,8
2020-02-27 21:30:41,194,14,10
2020-02-27 21:31:59,61,5,7
2020-02-27 21:32:51,218,23,20
2020-02-27 21:57:06,5279,594,824
2020-02-28 07:20:09,536,22,14
2020-02-28 10:34:18,1322,71,51
2020-02-28 17:45:00,125,11,3
2020-02-28 18:24:00,82,1,3
2020-02-28 19:02:08,47,2,2
2020-02-28 19:22:59,107,6,2
2020-02-28 19:28:56,95,6,2
2020-02-28 19:49:43,67,4,1
2020-02-28 20:04:40,81,4,1
2020-02-28 20:14:22,56,5,2
2020-02-28 20:46:31,44,2,7
2020-02-28 20:55:57,104,4,8
2020-02-28 21:31:44,116,4,11
2020-02-29 09:30:08,73,2,5
2020-02-29 10:20:39,62,5,4
2020-02-29 12:12:22,80,4,1
2020-02-29 16:21:31,337,19,9
2020-02-29 16:27:42,1354,97,15
2020-02-29 17:39:11,313,13,9
2020-02-29 17:42:21,83,5,4
2020-02-29 22:15:12,309,14,2
2020-03-01 06:34:00,651,58,17
2020-03-01 07:31:17,252,7,1
2020-03-01 10:19:35,182,5,8
2020-03-01 12:34:17,150,4,10
2020-03-01 16:44:03,335,22,13
2020-03-01 17:49:55,166,12,1
2020-03-01 17:54:04,343,12,90
2020-03-01 17:57:21,605,50,15
2020-03-01 18:36:16,78,4,6
2020-03-01 18:54:44,417,22,9
2020-03-01 18:55:23,77,4,17
2020-03-01 18:58:20,228,16,27
2020-03-01 19:01:14,85,11,0
2020-03-01 19:05:42,118,21,58
2020-03-01 19:25:19,62,2,17
2020-03-01 19:34:10,78,7,8
2020-03-01 19:48:16,209,23,91
2020-03-01 20:04:34,162,13,13
2020-03-01 20:22:07,106,5,33
2020-03-01 20:32:41,42,4,5
2020-03-01 20:33:47,138,21,99
2020-03-01 20:40:28,104,9,44
2020-03-01 20:52:53,869,90,258
2020-03-02 13:08:25,103,4,7
2020-03-02 17:51:11,162,7,4
2020-03-03 06:34:00,873,49,21
2020-03-03 07:03:00,173,12,4
2020-03-03 07:34:06,441,40,3
2020-03-03 10:38:17,84,2,1
2020-03-03 12:55:48,144,11,9
2020-03-03 13:49:19,217,7,7
2020-03-03 14:16:33,48,4,0
2020-03-03 14:48:06,113,6,6
2020-03-03 15:02:52,141,5,3
2020-03-03 15:06:48,50,1,0
2020-03-03 15:18:06,50,3,2
2020-03-03 15:38:30,57,3,3
2020-03-03 15:52:06,44,3,3
2020-03-03 15:53:37,38,1,2
2020-03-03 15:57:19,41,2,2
2020-03-03 15:57:53,36,2,0
2020-03-03 15:58:26,35,2,0
2020-03-03 15:59:11,42,3,0
2020-03-03 16:00:08,24,5,0
2020-03-03 16:00:36,42,2,1
2020-03-03 16:01:28,28,2,1
2020-03-03 16:02:22,24,3,2
2020-03-03 16:03:15,24,3,0
2020-03-03 16:04:04,46,2,1
2020-03-03 16:05:03,16,3,0
2020-03-03 16:05:39,31,2,0
2020-03-03 16:06:20,31,3,0
2020-03-03 16:06:59,37,4,0
2020-03-03 16:07:46,121,6,6
2020-03-03 16:09:58,302,39,19
2020-03-03 17:04:41,260,22,3
2020-03-03 18:43:06,110,3,20
2020-03-03 19:08:06,201,9,5
2020-03-03 19:17:55,230,12,3
2020-03-03 21:12:08,54,3,2
2020-03-04 06:34:00,555,56,26
2020-03-04 09:04:19,139,11,12
2020-03-04 10:02:17,1574,173,43
2020-03-04 12:14:13,167,12,15
2020-03-04 15:28:43,252,19,5
2020-03-04 18:42:43,173,11,6
2020-03-04 18:45:31,48,4,4
2020-03-04 19:31:15,190,8,6
2020-03-04 19:31:15,190,8,6
2020-03-04 19:44:53,141,14,2
2020-03-04 19:44:53,141,14,2
2020-03-04 19:57:36,75,2,3
2020-03-04 19:57:36,75,2,3
2020-03-04 20:10:38,76,5,2
2020-03-04 20:10:38,76,5,2
2020-03-04 20:17:48,92,6,17
2020-03-04 20:17:48,92,6,17
2020-03-04 20:20:50,162,17,78
2020-03-04 20:20:50,162,17,78
2020-03-04 20:36:09,213,19,81
2020-03-04 20:36:09,213,19,81
2020-03-04 20:52:29,55,7,9
2020-03-04 20:52:29,55,7,9
2020-03-04 20:56:03,55,2,0
2020-03-04 20:56:03,55,2,0
2020-03-04 21:08:13,166,8,15
2020-03-04 21:08:13,166,8,15
2020-03-04 21:11:06,132,8,57
2020-03-04 21:11:06,132,8,57
2020-03-04 21:16:43,154,4,34
2020-03-04 21:16:43,154,4,34
2020-03-04 21:40:42,862,112,303
2020-03-04 21:40:42,862,112,303
2020-03-06 11:00:00,185,10,33
2020-03-06 14:57:44,81,6,11
2020-03-06 17:06:34,248,11,8
2020-03-06 17:25:25,127,3,8
2020-03-06 17:46:17,76,9,8
2020-03-06 18:29:02,107,8,2
2020-03-06 19:00:52,57,2,5
2020-03-06 19:35:37,37,2,4
2020-03-06 19:38:40,44,1,7
2020-03-06 19:45:29,51,3,7
2020-03-06 20:01:51,62,8,1
2020-03-06 20:08:13,59,3,9
2020-03-06 20:44:19,42,3,6
2020-03-06 20:48:28,95,10,22
2020-03-07 06:34:00,561,52,37
2020-03-07 09:15:03,310,9,18
2020-03-07 11:13:11,88,0,2
2020-03-07 13:30:10,77,2,3
2020-03-07 14:40:23,81,3,2
2020-03-07 15:10:45,48,1,3
2020-03-07 15:24:38,58,2,3
2020-03-07 16:30:16,48,2,2
2020-03-07 16:38:14,64,2,1
2020-03-07 18:09:11,145,5,6
2020-03-07 18:44:50,140,11,3
2020-03-07 18:53:27,205,12,8
2020-03-07 19:32:55,152,13,0
2020-03-07 19:46:21,193,8,6
2020-03-07 20:01:50,52,3,6
2020-03-07 20:24:48,56,2,5
2020-03-07 20:32:14,145,14,38
2020-03-07 20:49:18,152,9,9
2020-03-07 21:11:30,65,11,19
2020-03-07 21:12:31,103,13,6
2020-03-07 21:15:09,218,11,5
2020-03-07 21:19:45,721,47,14
2020-03-07 21:25:24,363,19,18
2020-03-07 21:29:02,119,8,6
2020-03-07 21:36:51,90,7,3
2020-03-07 21:39:06,1895,198,79
2020-03-07 22:07:10,296,16,2
2020-03-07 22:51:37,401,19,1
2020-03-08 06:34:04,541,31,5
2020-03-08 07:30:13,585,36,4
2020-03-08 09:18:04,700,44,14
2020-03-08 11:20:11,267,5,74
2020-03-08 16:30:58,825,21,7
2020-03-09 06:02:00,1214,62,13
2020-03-09 06:04:00,323,14,4
2020-03-09 06:16:00,103,3,0
2020-03-09 13:02:41,103,4,11
2020-03-10 09:52:32,616,96,44
2020-03-10 13:25:18,131,7,1
2020-03-10 15:12:35,139,9,1
2020-03-11 13:43:06,224,11,0
2020-03-11 14:26:38,172,9,4
2020-03-11 14:29:17,211,11,7
2020-03-11 15:10:28,193,7,6
2020-03-11 15:35:09,132,14,4
2020-03-11 18:00:35,396,26,13
2020-03-11 19:09:46,122,6,5
2020-03-11 21:21:52,221,12,6
2020-03-12 15:55:26,3172,571,53
2020-03-13 07:01:23,1041,67,14
2020-03-13 11:13:51,114,3,1
2020-03-13 14:27:25,638,81,27
2020-03-13 14:52:08,402,40,21
2020-03-13 18:33:00,147,5,2
2020-03-14 07:01:00,135,5,6
2020-03-15 11:29:29,516,15,52
2020-03-15 11:34:09,102,5,4
2020-03-15 11:44:30,169,3,5
2020-03-15 12:01:13,114,2,19
2020-03-15 12:15:03,979,75,65
2020-03-15 12:17:34,26,1,1
2020-03-15 12:55:06,143,0,5
2020-03-15 13:27:10,292,15,9
2020-03-15 13:39:55,99,2,13
2020-03-15 13:40:10,319,11,8
2020-03-15 13:46:15,249,7,9
2020-03-15 13:59:59,112,3,4
2020-03-15 14:02:39,658,45,18
2020-03-15 14:12:28,375,16,30
2020-03-15 14:27:39,52,2,4
2020-03-15 14:28:33,183,15,10
2020-03-15 14:29:46,196,7,9
2020-03-15 15:02:23,193,12,5
2020-03-15 15:05:06,110,3,3
2020-03-15 15:10:48,150,6,4
2020-03-15 15:14:44,526,37,19
2020-03-15 15:23:32,257,14,3
2020-03-15 15:27:24,345,40,6
2020-03-15 15:30:25,90,3,2
2020-03-15 15:56:22,432,18,45
2020-03-15 16:11:05,138,14,4
2020-03-15 20:46:52,278,24,9
2020-03-17 11:09:16,170,10,6
2020-03-17 11:47:51,56,3,0
2020-03-17 14:29:14,269,15,85
2020-03-17 19:00:05,1567,195,24
2020-03-18 06:34:00,2442,382,49
2020-03-18 08:44:59,121,7,5
2020-03-18 11:43:56,368,19,2
2020-03-18 11:45:58,237,21,6
2020-03-18 12:15:33,2395,115,15
2020-03-18 12:54:36,332,18,5
2020-03-18 18:02:24,7206,489,40
2020-03-18 18:34:55,220,31,5
2020-03-19 06:34:04,3767,357,48
2020-03-19 06:34:04,3767,357,48
2020-03-19 06:48:11,157,9,5
2020-03-19 06:48:11,157,9,5
2020-03-19 07:01:00,209,11,6
2020-03-19 07:01:00,209,11,6
2020-03-19 12:13:10,78,4,2
2020-03-19 12:13:10,78,4,2
2020-03-19 13:42:42,100,6,19
2020-03-19 13:42:42,100,6,19
2020-03-19 13:57:28,8142,467,34
2020-03-19 13:57:28,8142,467,34
2020-03-19 19:24:06,762,37,48
2020-03-19 19:24:06,762,37,48
2020-03-20 12:05:31,137,5,2
2020-03-20 12:05:31,137,5,2
2020-03-20 14:52:18,267,20,78
2020-03-20 14:52:18,267,20,78
2020-03-20 15:50:45,123,9,5
2020-03-20 15:50:45,123,9,5
2020-03-20 17:41:10,124,7,2
2020-03-20 17:41:10,124,7,2
2020-03-21 07:24:05,2234,402,37
2020-03-21 10:57:35,101,5,2
2020-03-21 12:20:05,969,101,19
2020-03-22 12:39:18,269,10,3
2020-03-24 06:14:00,1914,294,23
2020-03-24 07:04:11,624,42,11
2020-03-24 08:32:44,134,8,4
2020-03-24 09:49:21,3,0,0
2020-03-25 07:00:00,297,12,5
2020-03-25 13:44:59,143,13,9
2020-03-26 06:53:14,364,19,8
2020-03-26 07:01:00,360,26,13
2020-03-26 09:34:11,228,23,2
2020-03-26 14:18:13,82,6,12
2020-03-27 07:01:46,399,16,13
2020-03-27 10:27:21,171,10,8
2020-03-27 11:03:17,155,9,75
2020-03-28 08:58:26,399,31,7
2020-03-28 09:04:20,110,6,2
2020-03-29 05:47:13,506,27,8
2020-03-29 09:28:53,3557,349,70
2020-03-29 09:43:28,482,47,8
2020-03-29 11:31:26,145,6,4
2020-03-29 13:39:01,499,28,4
2020-03-29 14:19:25,202,28,8
2020-03-30 09:42:09,173,6,4
2020-03-30 10:14:06,94,3,2
2020-03-30 18:05:43,76,3,4
2020-03-31 06:31:03,403,21,13
2020-03-31 07:18:42,57,3,0
2020-03-31 07:34:29,126,7,4
2020-03-31 10:58:23,477,44,21
2020-03-31 12:39:44,89,5,12
2020-03-31 15:21:20,131,8,4
2020-03-31 20:14:19,196,14,8
2020-04-01 05:36:00,295,30,4
2020-04-01 06:44:08,1226,114,7
2020-04-01 06:57:13,180,16,2
2020-04-01 07:32:00,83,7,5
2020-04-01 11:29:50,115,9,7
2020-04-01 17:20:45,369,52,15
2020-04-01 17:34:03,181,15,26
2020-04-01 17:46:12,390,31,31
2020-04-01 18:51:00,466,31,9
2020-04-01 18:57:39,267,33,21
2020-04-01 19:00:06,209,8,21
2020-04-01 19:07:37,54,6,0
2020-04-01 19:13:46,196,11,30
2020-04-01 19:18:35,265,26,5
2020-04-01 19:32:18,236,18,1
2020-04-01 19:35:10,193,14,1
2020-04-01 19:46:55,256,19,11
2020-04-01 19:56:41,208,17,11
2020-04-01 20:03:14,224,14,3
2020-04-01 20:24:54,19103,2847,1409
2020-04-01 20:27:26,70,3,4
2020-04-01 20:31:10,434,20,51
2020-04-01 20:43:56,224,12,11
2020-04-01 20:51:40,597,65,58
2020-04-01 20:56:10,595,30,18
2020-04-01 20:58:42,1243,70,268
2020-04-01 21:29:08,707,43,64
2020-04-01 23:00:01,5168,712,1041
2020-04-02 05:34:04,2945,374,29
2020-04-02 07:31:12,1024,77,31
2020-04-02 13:31:59,2577,311,23
2020-04-03 08:24:23,628,55,23
2020-04-03 08:24:23,628,55,23
2020-04-03 08:27:48,767,92,13
2020-04-03 08:27:48,767,92,13
2020-04-03 13:13:52,71,2,3
2020-04-03 13:13:52,71,2,3
2020-04-04 09:29:46,305,15,4
2020-04-04 09:29:46,305,15,4
2020-04-04 10:06:37,90,5,1
2020-04-04 10:06:37,90,5,1
2020-04-04 10:07:34,217,13,5
2020-04-04 10:07:34,217,13,5
2020-04-04 10:11:05,94,4,1
2020-04-04 10:11:05,94,4,1
2020-04-04 11:24:41,858,61,4
2020-04-04 11:24:41,858,61,4
2020-04-05 05:34:00,297,20,4
2020-04-05 05:34:00,297,20,4
2020-04-05 08:19:42,101,3,1
2020-04-05 08:19:42,101,3,1
2020-04-05 08:42:42,487,61,1
2020-04-05 08:42:42,487,61,1
2020-04-05 10:26:08,373,23,6
2020-04-05 10:26:08,373,23,6
2020-04-05 14:06:59,114,5,7
2020-04-05 14:06:59,114,5,7
2020-04-06 06:03:02,92,8,1
2020-04-06 08:00:00,143,8,8
2020-04-07 06:14:52,238,17,2
2020-04-07 07:33:24,65,6,1
2020-04-07 14:39:08,873,133,29
2020-04-07 16:05:46,3,0,0
2020-04-08 07:48:15,295,24,16
2020-04-08 09:57:49,108,8,4
2020-04-08 12:41:20,165,13,5
2020-04-09 05:41:10,207,13,4
2020-04-09 10:22:54,214,14,7
2020-04-09 13:58:39,76,3,16
2020-04-09 18:06:34,179,7,0
2020-04-09 18:31:49,293,8,2
2020-04-09 19:35:50,685,34,128
2020-04-10 10:20:49,196,8,3
2020-04-10 10:45:35,92,3,3
2020-04-10 12:20:20,211,11,7
2020-04-10 14:27:29,152,13,2
2020-04-10 15:18:38,3,2,0
2020-04-10 17:28:05,85,7,1
2020-04-10 21:23:11,504,58,18
2020-04-11 08:19:26,64,3,0
2020-04-11 18:40:18,2108,56,22
2020-04-11 19:52:25,6,0,0
2020-04-12 07:15:01,264,11,3
2020-04-12 07:36:26,123,11,3
2020-04-13 08:51:40,151,9,6
2020-04-13 13:00:00,423,22,26
2020-04-14 07:44:05,85,8,6
2020-04-14 16:15:25,86,5,2
2020-04-15 06:01:54,498,41,10
2020-04-15 10:07:54,275,20,6
2020-04-15 10:16:39,454,28,12
2020-04-15 11:08:36,243,23,5
2020-04-15 14:31:07,16,1,1
2020-04-15 14:44:59,155,12,11
2020-04-15 19:07:39,345,21,4
2020-04-16 05:34:00,286,21,12
2020-04-16 11:42:55,301,23,11
2020-04-16 15:09:53,108,5,10
2020-04-16 17:17:46,176,21,6
2020-04-16 18:23:23,133,8,0
2020-04-16 19:01:32,175,15,5
2020-04-16 19:28:36,66,2,3
2020-04-16 19:39:45,424,43,3
2020-04-16 19:51:42,102,6,1
2020-04-16 19:56:02,167,13,2
2020-04-16 20:45:12,215,14,4
2020-04-16 21:06:40,341,29,4
2020-04-16 21:07:59,362,26,3
2020-04-17 07:26:27,122,7,4
2020-04-17 16:28:00,505,21,9
2020-04-17 17:26:43,97,4,1
2020-04-17 19:10:05,108,9,2
2020-04-17 19:36:39,70,0,4
2020-04-18 05:34:00,873,84,9
2020-04-18 07:13:59,77,7,0
2020-04-19 07:57:30,215,9,4
2020-04-19 08:30:04,370,24,1
2020-04-19 08:56:29,782,57,4
2020-04-19 08:56:29,782,57,4
2020-04-19 10:25:20,162,12,9
2020-04-19 10:25:20,162,12,9
2020-04-19 11:14:00,90,7,0
2020-04-19 11:14:00,90,7,0
2020-04-19 13:00:26,3535,264,25
2020-04-19 13:00:26,3535,264,25
2020-04-20 10:03:32,101,10,1
2020-04-20 10:03:32,101,10,1
2020-04-20 15:36:15,196,17,3
2020-04-20 15:36:15,196,17,3
2020-04-21 15:59:56,119,5,3
2020-04-21 15:59:56,119,5,3
2020-04-21 16:04:29,131,13,0
2020-04-21 16:04:29,131,13,0
2020-04-21 19:02:27,398,82,24
2020-04-21 19:02:27,398,82,24
2020-04-21 21:16:01,61,5,4
2020-04-21 21:16:01,61,5,4
2020-04-22 06:02:34,671,52,7
2020-04-22 06:31:17,324,19,9
2020-04-22 12:24:52,156,21,1
2020-04-22 15:02:38,69,7,4
2020-04-22 15:25:00,89,2,1
2020-04-22 20:42:14,804,55,18
2020-04-23 08:31:54,135,18,2
2020-04-23 20:46:40,92,3,10
2020-04-24 05:51:31,943,88,16
2020-04-24 06:27:54,131,4,2
2020-04-24 14:42:00,264,13,1
2020-04-24 14:59:21,319,16,4
2020-04-24 15:29:27,82,4,3
2020-04-24 18:06:58,2994,568,102
2020-04-24 19:23:19,192,14,2
2020-04-24 19:32:17,123,11,3
2020-04-25 05:34:00,1609,293,15
2020-04-25 07:09:35,365,37,3
2020-04-25 10:09:30,259,25,5
2020-04-25 19:22:32,535,38,5
2020-04-25 21:07:32,112,4,4
2020-04-26 15:33:32,89,9,0
2020-04-26 19:00:18,73,2,2
2020-04-27 05:30:03,782,76,4
2020-04-27 07:32:33,187,2,1
2020-04-27 10:52:27,159,9,3
2020-04-27 14:52:00,53,3,0
2020-04-27 17:19:35,296,55,9
2020-04-27 20:24:49,85,1,8
2020-04-28 11:57:58,117,7,1
2020-04-28 17:25:25,102,3,4
2020-04-28 18:24:43,108,5,18
2020-04-28 19:11:13,252,19,5
2020-04-29 07:34:01,556,44,9
2020-04-29 08:33:18,83,4,23
2020-04-29 10:36:30,63,3,4
2020-04-29 11:56:01,84,6,0
2020-04-29 12:11:34,201,12,19
2020-04-29 13:35:05,370,21,11
2020-04-29 14:26:31,120,5,1
2020-04-29 14:40:25,284,37,3
2020-04-29 15:19:18,107,8,2
2020-04-29 19:19:13,510,30,7
2020-04-29 20:12:28,450,33,3
2020-04-30 10:19:31,79,5,1
2020-04-30 11:24:58,86,6,1
2020-04-30 18:07:11,220,12,3
2020-05-01 06:00:28,250,26,5
2020-05-01 11:29:20,135,4,5
2020-05-01 13:34:19,74,7,0
2020-05-01 15:30:00,54,2,1
2020-05-02 12:41:01,237,27,3
2020-05-02 13:03:39,347,29,4
2020-05-02 13:29:25,293,21,3
2020-05-02 14:02:24,4641,386,78
2020-05-02 19:12:57,183,17,21
2020-05-03 06:02:10,265,18,0
2020-05-03 16:45:23,60,1,27
2020-05-03 20:35:09,667,39,6
2020-05-04 08:09:28,129,7,1
2020-05-04 11:31:35,48,3,1
2020-05-04 14:38:29,432,41,4
2020-05-04 16:53:38,105,7,2
2020-05-04 17:45:00,615,67,3
2020-05-05 07:34:35,86,6,2
2020-05-05 07:52:46,130,7,3
2020-05-05 08:44:45,121,17,3
2020-05-05 13:00:00,106,5,3
2020-05-06 05:34:00,106,5,1
2020-05-06 10:44:56,159,17,1
2020-05-06 12:23:27,118,4,4
2020-05-06 16:45:14,123,8,5
2020-05-06 18:13:15,73,1,5
2020-05-06 18:54:36,103,5,1
2020-05-06 18:59:55,67,3,0
2020-05-06 18:59:55,67,3,0
2020-05-06 19:09:18,52,2,3
2020-05-06 19:09:18,52,2,3
2020-05-06 19:47:22,62,2,2
2020-05-06 19:47:22,62,2,2
2020-05-06 20:32:20,33,1,0
2020-05-06 20:32:20,33,1,0
2020-05-06 21:44:33,371,23,4
2020-05-06 21:44:33,371,23,4
2020-05-07 12:11:23,5284,258,33
2020-05-07 12:11:23,5284,258,33
2020-05-07 14:31:42,296,15,1
2020-05-07 14:31:42,296,15,1
2020-05-07 18:46:20,117,8,14
2020-05-07 18:46:20,117,8,14
2020-05-08 07:03:42,5496,620,120
2020-05-08 09:24:25,121,11,4
2020-05-08 14:41:06,389,29,9
2020-05-09 08:18:08,147,9,1
2020-05-09 08:25:00,270,17,4
2020-05-09 10:56:01,512,29,6
2020-05-09 11:00:27,109,6,18
2020-05-09 21:14:47,444,21,1
2020-05-10 06:01:06,1752,134,11
2020-05-10 06:29:00,278,39,7
2020-05-10 07:35:56,759,53,6
2020-05-10 10:31:31,136,11,1
2020-05-10 10:40:43,372,23,2
2020-05-10 13:36:59,121,13,17
2020-05-11 11:12:05,86,5,0
2020-05-11 13:13:32,76,8,1
2020-05-11 17:54:40,522,44,7
2020-05-11 18:22:06,752,85,29
2020-05-11 18:43:39,120,9,5
2020-05-11 19:22:03,1247,97,32
2020-05-12 05:31:07,1569,160,11
2020-05-12 16:46:46,438,18,1
2020-05-12 20:33:16,744,73,13
2020-05-13 07:42:27,959,81,14
2020-05-13 09:44:40,238,20,4
2020-05-13 12:05:29,191,12,2
2020-05-13 15:29:58,94,8,1
2020-05-13 15:31:00,65,6,2
2020-05-13 15:41:13,261,12,1
2020-05-13 19:57:03,783,44,7
2020-05-14 06:17:10,606,63,5
2020-05-14 10:00:58,501,30,5
2020-05-14 12:59:51,65,6,1
2020-05-14 15:22:09,1447,133,9
2020-05-14 16:22:07,1180,128,13
2020-05-15 05:34:11,3236,248,27
2020-05-15 08:14:05,128,12,1
2020-05-15 08:28:05,487,60,2
2020-05-15 11:22:00,1301,155,10
2020-05-15 13:37:35,843,62,23
2020-05-15 14:19:10,176,11,5
2020-05-15 15:29:00,101,4,1
2020-05-15 16:45:06,3560,574,47
2020-05-15 16:55:00,846,116,15
2020-05-15 17:03:53,499,63,3
2020-05-15 17:29:04,75,4,3
2020-05-15 18:36:12,202,19,2
2020-05-16 05:34:03,563,28,20
2020-05-16 07:04:21,259,13,6
2020-05-16 08:50:19,127,12,2
2020-05-16 10:01:48,251,21,2
2020-05-16 11:09:54,237,12,2
2020-05-16 12:49:01,164,11,0
2020-05-16 13:14:37,215,17,6
2020-05-16 14:06:49,311,19,1
2020-05-16 17:59:42,395,35,2
2020-05-17 07:30:18,79,1,7
2020-05-17 15:22:14,328,20,6
2020-05-18 07:14:11,146,14,1
2020-05-18 16:07:19,373,20,3
2020-05-18 16:13:16,3,0,1
2020-05-18 18:38:14,482,30,8
2020-05-18 19:34:51,206,6,1
2020-05-18 21:21:43,278,22,11
2020-05-19 06:02:07,225,19,29
2020-05-19 07:54:27,259,22,4
2020-05-19 10:24:21,1527,71,53
2020-05-19 11:36:16,77,9,0
2020-05-19 14:06:15,133,9,2
2020-05-19 17:12:05,930,80,9
2020-05-19 20:35:08,338,15,48
2020-05-20 06:28:04,451,22,7
2020-05-20 11:53:32,106,7,2
2020-05-20 12:49:42,81,4,2
2020-05-20 16:03:11,222,8,11
2020-05-20 17:01:38,5,1,1
2020-05-20 18:10:07,89,4,1
2020-05-20 19:01:00,924,45,10
2020-05-21 05:59:11,134,6,1
2020-05-21 07:18:42,218,11,5
2020-05-21 10:35:32,161,8,18
2020-05-21 11:47:04,402,21,7
2020-05-22 08:43:02,102,7,3
2020-05-22 08:43:02,102,7,3
2020-05-22 08:55:33,126,7,2
2020-05-22 08:55:33,126,7,2
2020-05-22 09:20:20,688,36,16
2020-05-22 09:20:20,688,36,16
2020-05-22 09:49:54,168,16,2
2020-05-22 09:49:54,168,16,2
2020-05-22 19:57:54,240,17,1
2020-05-22 19:57:54,240,17,1
2020-05-22 20:34:25,509,28,5
2020-05-22 20:34:25,509,28,5
2020-05-23 05:34:02,452,29,14
2020-05-23 05:34:02,452,29,14
2020-05-23 07:27:45,329,12,4
2020-05-23 07:27:45,329,12,4
2020-05-23 09:29:06,172,10,7
2020-05-23 09:29:06,172,10,7
2020-05-23 11:00:00,127,11,0
2020-05-23 11:00:00,127,11,0
2020-05-23 13:01:00,118,8,2
2020-05-23 13:01:00,118,8,2
2020-05-23 19:01:20,481,24,3
2020-05-23 19:01:20,481,24,3
2020-05-24 05:34:00,538,52,9
2020-05-24 05:59:00,291,25,7
2020-05-24 09:13:24,60,1,2
2020-05-24 09:25:54,118,6,17
2020-05-24 09:34:23,4487,298,26
2020-05-24 09:59:36,46,0,2
2020-05-24 10:26:14,227,11,5
2020-05-24 11:13:19,61,5,0
2020-05-24 12:57:32,140,9,0
2020-05-24 15:02:23,100,8,2
2020-05-24 17:17:16,388,30,12
2020-05-24 17:29:01,140,5,5
2020-05-24 17:42:00,79,1,0
2020-05-24 18:50:54,136,7,21
2020-05-24 19:08:58,122,3,4
2020-05-24 19:27:13,111,6,10
2020-05-24 19:46:00,75,6,2
2020-05-24 20:17:13,374,34,4
2020-05-24 20:34:21,1072,78,0
2020-05-24 21:34:19,428,34,5
2020-05-25 06:01:00,237,15,2
2020-05-25 14:26:25,585,36,10
2020-05-25 17:00:17,524,37,30
2020-05-25 18:35:58,154,4,1
2020-05-26 05:45:04,302,20,3
2020-05-26 08:24:40,294,19,2
2020-05-26 12:01:11,454,38,5
2020-05-26 14:51:49,56,8,0
2020-05-26 18:44:18,126,8,11
2020-05-26 18:48:12,94,10,3
2020-05-26 18:51:54,60,7,3
2020-05-26 18:56:05,91,9,8
2020-05-26 18:58:40,74,9,5
2020-05-27 05:34:13,1073,57,25
2020-05-27 10:30:11,253,16,13
2020-05-27 15:12:02,178,11,4
2020-05-28 07:29:06,189,12,1
2020-05-28 09:47:00,475,27,1
2020-05-28 09:53:25,1666,135,14
2020-05-28 16:24:38,330,16,15
2020-05-28 21:19:26,773,50,14
2020-05-29 10:57:31,262,6,40
2020-05-29 14:04:15,521,27,9
2020-05-29 14:07:25,256,19,5
2020-05-29 16:13:03,100,8,2
2020-05-29 18:52:26,637,30,10
2020-05-30 11:38:42,97,7,5
2020-05-30 12:35:43,18018,4072,135
2020-05-30 16:45:26,127,12,2
2020-05-31 15:22:44,240,13,8
2020-06-01 08:33:55,546,34,26
2020-06-02 06:41:50,402,28,2
2020-06-02 09:34:11,1539,187,20
2020-06-03 10:30:00,276,14,13
2020-06-03 11:26:56,246,15,5
2020-06-04 07:26:14,232,19,1
2020-06-04 11:52:31,94,10,10
2020-06-04 15:15:17,1970,74,128
2020-06-04 19:59:40,383,36,27
2020-06-05 10:02:00,476,18,8
2020-06-05 10:34:50,451,17,4
2020-06-05 10:46:32,3013,197,23
2020-06-05 11:54:17,139,9,3
2020-06-05 15:04:40,377,18,3
2020-06-05 15:45:25,53,3,5
2020-06-05 15:45:50,50,1,7
2020-06-05 15:46:07,59,2,7
2020-06-05 15:46:27,33,1,4
2020-06-05 15:47:20,60,2,3
2020-06-05 15:51:58,57,6,3
2020-06-06 06:00:09,446,20,7
2020-06-06 06:01:00,315,21,3
2020-06-06 08:56:44,137,7,4
2020-06-06 10:44:52,166,9,3
2020-06-06 20:14:08,598,35,12
2020-06-06 20:28:14,393,21,12
2020-06-08 05:42:11,494,38,8
2020-06-08 08:55:35,412,20,1
2020-06-08 12:50:29,74,3,1
2020-06-08 12:50:29,74,3,1
2020-06-08 13:04:47,304,21,4
2020-06-08 13:04:47,304,21,4
2020-06-08 13:13:05,530,38,10
2020-06-08 13:13:05,530,38,10
2020-06-08 16:16:33,395,15,4
2020-06-08 16:16:33,395,15,4
2020-06-08 16:18:44,444,23,4
2020-06-08 16:18:44,444,23,4
2020-06-08 19:38:31,586,51,6
2020-06-08 19:38:31,586,51,6
2020-06-09 06:01:06,1379,125,26
2020-06-09 06:54:13,281,18,6
2020-06-09 13:11:35,42,5,0
2020-06-09 13:13:25,56,2,5
2020-06-09 13:15:49,32,3,0
2020-06-09 13:17:39,65,6,6
2020-06-09 17:11:29,106,10,2
2020-06-09 19:59:44,516,25,4
2020-06-10 09:59:00,194,7,6
2020-06-10 13:03:21,411,26,8
2020-06-11 08:00:01,2132,179,48
2020-06-11 08:10:00,2174,295,113
2020-06-11 11:52:23,989,77,15
2020-06-11 12:40:48,1620,104,13
2020-06-11 14:04:55,1611,198,167
2020-06-11 14:18:36,169,25,24
2020-06-11 15:19:07,2251,113,16
2020-06-11 16:26:54,231,19,18
2020-06-11 17:09:31,659,61,6
2020-06-11 19:29:29,2624,320,95
2020-06-11 20:08:38,84,1,1
2020-06-11 20:20:13,1067,87,20
2020-06-12 05:34:05,605,33,6
2020-06-12 06:44:07,499,32,10
2020-06-12 08:04:25,146,10,0
2020-06-12 10:15:58,139,9,7
2020-06-12 13:53:13,405,19,7
2020-06-12 14:06:32,220,10,2
2020-06-12 14:24:57,95,4,14
2020-06-12 14:49:04,317,17,15
2020-06-12 15:05:47,144,8,2
2020-06-12 15:58:04,1006,56,35
2020-06-12 16:58:19,115,5,1
2020-06-12 17:32:32,165,11,2
2020-06-12 17:56:51,90,10,2
2020-06-12 18:49:17,301,11,8
2020-06-13 10:35:56,146,8,3
2020-06-13 12:10:18,313,18,5
2020-06-13 12:41:03,114,7,3
2020-06-13 12:59:18,105,5,3
2020-06-13 13:04:20,196,15,4
2020-06-13 13:49:22,186,5,9
2020-06-13 15:07:10,178,6,8
2020-06-13 17:03:02,626,22,5
2020-06-14 08:00:00,612,34,5
2020-06-14 09:43:38,52,8,4
2020-06-14 09:45:10,41,7,3
2020-06-14 09:46:38,32,7,2
2020-06-14 09:48:10,55,10,1
2020-06-14 09:49:18,38,6,0
2020-06-14 12:54:00,510,29,13
2020-06-14 16:39:06,565,41,13
2020-06-14 19:11:16,767,28,72
2020-06-15 08:11:29,505,30,6
2020-06-15 15:29:35,2181,218,75
2020-06-15 16:27:36,854,66,16
2020-06-15 18:06:19,498,18,9
2020-06-15 18:19:42,252,16,3
2020-06-15 19:45:40,371,18,4
2020-06-15 19:53:01,2651,142,36
2020-06-15 20:58:02,811,45,20
2020-06-16 06:01:13,407,34,8
2020-06-16 06:31:00,152,12,0
2020-06-16 10:09:50,110,8,0
2020-06-16 11:57:01,319,10,14
2020-06-16 13:16:55,109,6,0
2020-06-16 14:00:55,259,20,7
2020-06-16 15:39:24,187,12,4
2020-06-16 16:45:45,576,46,16
2020-06-16 18:30:09,404,14,9
2020-06-17 06:18:00,384,15,6
2020-06-17 07:23:11,506,21,10
2020-06-17 14:53:38,157,19,0
2020-06-17 15:17:08,335,20,4
2020-06-17 17:08:35,109,5,1
2020-06-17 17:16:16,159,5,0
2020-06-17 18:05:38,79,4,2
2020-06-17 18:55:21,2264,117,2
2020-06-18 18:04:25,636,25,14
2020-06-19 07:32:04,164,8,0
2020-06-19 08:56:44,527,39,5
2020-06-19 09:14:32,613,90,8
2020-06-19 10:59:00,188,6,6
2020-06-19 12:52:35,539,24,11
2020-06-19 13:21:09,221,7,3
2020-06-19 13:27:31,393,17,60
2020-06-19 13:31:36,114,12,2
2020-06-19 13:35:32,90,3,3
2020-06-19 13:40:10,133,11,8
2020-06-19 13:45:10,105,6,0
2020-06-19 13:49:41,116,9,2
2020-06-19 13:51:57,4,0,1
2020-06-19 14:17:12,242,15,2
2020-06-19 14:20:55,2850,137,28
2020-06-19 16:00:37,283,32,5
2020-06-19 16:45:14,4768,782,56
2020-06-19 18:00:28,249,25,7
2020-06-20 06:36:14,380,23,1
2020-06-20 08:51:00,155,15,5
2020-06-20 11:29:44,263,10,8
2020-06-20 18:17:21,864,51,10
2020-06-20 18:20:00,4,0,0
2020-06-21 06:01:27,1406,91,28
2020-06-21 07:31:12,669,28,12
2020-06-21 10:01:36,326,20,1
2020-06-21 11:36:30,3,0,0
2020-06-21 19:01:34,835,40,3
2020-06-22 10:11:15,321,20,3
2020-06-22 11:34:34,110,8,7
2020-06-22 13:03:55,2252,269,53
2020-06-22 13:46:04,555,55,12
2020-06-22 17:55:01,134,4,11
2020-06-22 19:45:56,448,28,4
2020-06-23 17:15:00,125,4,6
2020-06-23 17:15:00,125,4,6
2020-06-23 19:02:41,324,25,4
2020-06-23 19:02:41,324,25,4
2020-06-24 07:19:05,273,11,4
2020-06-24 07:19:05,273,11,4
2020-06-24 07:22:28,212,14,2
2020-06-24 07:22:28,212,14,2
2020-06-24 12:51:36,171,9,2
2020-06-24 12:51:36,171,9,2
2020-06-24 13:27:51,867,64,10
2020-06-24 13:27:51,867,64,10
2020-06-24 14:22:56,290,14,2
2020-06-24 14:22:56,290,14,2
2020-06-24 14:27:40,568,28,8
2020-06-24 14:27:40,568,28,8
2020-06-24 15:33:02,375,14,0
2020-06-24 15:33:02,375,14,0
2020-06-24 19:03:05,259,13,9
2020-06-24 19:03:05,259,13,9
2020-06-24 20:40:42,709,26,10
2020-06-24 20:40:42,709,26,10
2020-06-25 15:50:26,207,9,7
2020-06-25 16:14:35,216,6,11
2020-06-25 17:34:35,920,67,18
2020-06-25 17:53:16,284,23,2
2020-06-25 20:01:10,1109,98,20
2020-06-26 08:05:19,112,9,1
2020-06-26 10:40:28,616,20,6
2020-06-26 10:51:40,232,12,9
2020-06-26 10:59:52,1334,102,20
2020-06-26 11:05:37,207,1,6
2020-06-26 11:17:43,270,10,7
2020-06-26 12:00:00,541,34,12
2020-06-26 16:03:12,296,11,1
2020-06-26 17:56:05,417,30,10
2020-06-27 06:01:08,781,58,4
2020-06-27 12:52:46,411,26,5
2020-06-27 13:57:24,3264,391,28
2020-06-27 14:20:21,4139,576,28
2020-06-27 14:26:10,29837,4868,341
2020-06-27 15:25:54,669,33,4
2020-06-27 18:06:17,1026,60,10
2020-06-28 12:07:09,62,2,10
2020-06-28 12:10:11,43,7,4
2020-06-28 12:13:24,74,4,5
2020-06-28 12:16:21,45,3,5
2020-06-28 12:19:05,49,4,7
2020-06-28 14:45:46,456,21,4
2020-06-28 19:23:15,498,19,7
2020-06-29 20:33:22,783,32,31
2020-06-30 09:21:20,1381,83,57
2020-06-30 12:02:25,480,35,6
2020-06-30 12:56:36,295,13,5
2020-06-30 14:18:28,645,71,11
2020-06-30 17:46:00,139,4,1
2020-07-01 06:04:38,3178,164,9
2020-07-01 07:53:30,1478,122,8
2020-07-01 08:14:18,172,11,3
2020-07-01 11:17:59,1523,132,25
2020-07-01 11:35:10,3,2,2
2020-07-01 11:36:21,3,0,0
2020-07-01 14:25:48,459,15,60
2020-07-01 14:41:37,121,12,6
2020-07-01 14:47:16,1,0,1
2020-07-01 15:05:18,116,5,1
2020-07-01 15:32:55,228,15,4
2020-07-01 16:16:42,202,13,18
2020-07-01 17:10:24,87,4,1
2020-07-01 18:22:53,161,6,18
2020-07-01 19:26:23,361,25,2
2020-07-01 20:34:10,207,15,10
2020-07-02 10:05:21,416,16,11
2020-07-02 15:34:06,604,28,8
2020-07-02 19:08:29,792,35,24
2020-07-02 20:05:25,349,17,4
2020-07-03 05:46:00,874,47,11
2020-07-03 06:57:24,718,26,4
2020-07-03 08:37:18,226,9,1
2020-07-03 14:30:39,524,19,2
2020-07-03 14:44:34,383,20,5
2020-07-03 15:20:53,384,15,3
2020-07-03 17:06:02,621,24,7
2020-07-03 17:43:51,3742,233,29
2020-07-03 17:53:51,6875,427,62
2020-07-03 19:49:23,788,23,9
2020-07-04 06:08:11,953,43,6
2020-07-04 08:18:58,94,4,3
2020-07-04 11:17:12,503,21,29
2020-07-04 11:24:45,450,17,6
2020-07-04 11:40:56,551,20,40
2020-07-04 11:42:58,21,0,2
2020-07-04 11:48:51,485,19,7
2020-07-04 15:09:24,504,26,8
2020-07-04 17:29:55,158,2,5
2020-07-05 10:17:57,291,25,6
2020-07-05 12:17:23,264,12,6
2020-07-05 18:02:52,630,33,9
2020-07-06 06:03:14,901,32,44
2020-07-06 08:37:12,294,27,3
2020-07-06 16:11:36,1096,64,60
2020-07-06 16:14:58,403,31,5
2020-07-06 16:23:38,217,10,4
2020-07-06 19:31:03,1737,59,96
2020-07-07 07:38:00,537,14,8
2020-07-07 15:05:26,97,5,0
2020-07-07 19:54:41,731,28,41
2020-07-07 19:54:41,731,28,41
2020-07-08 08:07:41,175,7,3
2020-07-08 08:07:41,175,7,3
2020-07-08 09:00:19,263,17,1
2020-07-08 09:00:19,263,17,1
2020-07-08 11:14:11,393,24,4
2020-07-08 11:14:11,393,24,4
2020-07-08 17:51:55,1076,51,10
2020-07-08 17:51:55,1076,51,10
2020-07-08 18:38:42,258,10,4
2020-07-08 18:38:42,258,10,4
2020-07-08 19:32:00,441,17,6
2020-07-08 19:32:00,441,17,6
2020-07-08 19:48:52,921,39,8
2020-07-08 19:48:52,921,39,8
2020-07-09 05:58:04,410,18,1
2020-07-09 05:58:04,410,18,1
2020-07-09 09:40:42,2896,198,35
2020-07-09 09:40:42,2896,198,35
2020-07-09 10:47:38,83,5,1
2020-07-09 10:47:38,83,5,1
2020-07-09 11:48:36,130,9,2
2020-07-09 11:48:36,130,9,2
2020-07-09 17:09:36,1099,113,13
2020-07-09 17:09:36,1099,113,13
2020-07-10 13:30:24,223,17,105
2020-07-10 13:30:24,223,17,105
2020-07-10 14:12:40,2280,128,30
2020-07-10 14:12:40,2280,128,30
2020-07-10 19:12:35,606,22,14
2020-07-10 19:12:35,606,22,14
2020-07-11 07:07:20,375,10,2
2020-07-11 07:29:00,108,4,1
2020-07-11 13:46:24,18642,1855,229
2020-07-11 18:04:55,1022,59,15
2020-07-12 12:59:13,3505,200,347
2020-07-12 13:03:00,263,5,1
2020-07-12 15:11:46,1728,126,45
2020-07-12 15:17:49,995,51,44
2020-07-12 18:49:31,1890,278,101
2020-07-13 11:18:44,155,5,9
2020-07-13 18:17:21,380,19,30
2020-07-13 20:46:56,2086,74,36
2020-07-14 14:04:08,574,37,11
2020-07-14 18:19:09,151,5,1
2020-07-14 19:44:42,1166,62,2
2020-07-15 08:03:44,382,22,3
2020-07-15 12:42:04,303,29,14
2020-07-15 18:23:12,593,31,33
2020-07-16 05:47:09,461,23,5
2020-07-16 13:47:09,12792,2800,227
2020-07-16 14:06:58,10540,1985,163
2020-07-16 14:32:17,14126,2766,590
2020-07-16 16:46:29,493,28,13
2020-07-17 06:04:13,349,19,3
2020-07-17 07:03:07,630,43,10
2020-07-17 12:10:22,221,17,4
2020-07-17 17:29:07,172,8,11
2020-07-17 18:06:02,136,6,2
2020-07-17 18:22:42,471,19,9
2020-07-17 18:29:17,59,3,0
2020-07-17 20:50:23,3066,1972,136
2020-07-18 11:18:14,75,1,1
2020-07-18 15:21:30,546,19,136
2020-07-18 15:35:16,205,9,6
2020-07-18 18:12:42,1150,93,19
2020-07-19 08:29:39,252,5,9
2020-07-19 13:03:00,99,8,0
2020-07-19 18:03:00,1445,103,19
2020-07-20 05:34:15,576,18,3
2020-07-20 15:39:11,535,23,19
2020-07-20 18:26:03,116,7,1
2020-07-20 19:31:54,573,23,5
2020-07-21 08:31:00,308,7,5
2020-07-21 11:03:51,542,23,4
2020-07-21 13:16:32,196,5,6
2020-07-21 18:18:24,587,31,9
2020-07-22 12:09:44,271,16,11
2020-07-22 13:52:16,653,90,28
2020-07-23 06:01:00,154,13,1
2020-07-23 08:02:05,835,129,22
2020-07-23 09:08:57,765,93,29
2020-07-23 11:08:33,87,11,7
2020-07-23 12:18:35,653,42,6
2020-07-23 12:37:17,150,9,5
2020-07-23 15:35:15,246,12,2
2020-07-23 16:02:17,4375,225,117
2020-07-23 16:58:22,444,28,16
2020-07-23 18:46:12,731,41,17
2020-07-24 08:56:34,98,6,1
2020-07-24 09:36:32,469,14,122
2020-07-24 11:00:56,332,9,15
2020-07-24 14:04:59,1686,147,28
2020-07-24 14:16:14,709,48,8
2020-07-24 14:22:09,941,54,3
2020-07-24 17:25:43,687,21,3
2020-07-24 19:57:57,1431,62,8
2020-07-25 06:29:10,834,51,7
2020-07-25 14:53:32,1075,80,16
2020-07-25 18:19:35,968,47,9
2020-07-26 12:36:02,826,32,12
2020-07-26 16:11:18,274,12,9
2020-07-26 16:11:18,274,12,9
2020-07-26 22:01:00,453,22,6
2020-07-26 22:01:00,453,22,6
2020-07-27 06:31:05,818,52,11
2020-07-27 06:31:05,818,52,11
2020-07-27 07:30:10,543,18,2
2020-07-27 07:30:10,543,18,2
2020-07-27 09:29:24,160,12,3
2020-07-27 09:29:24,160,12,3
2020-07-27 09:50:01,641,38,9
2020-07-27 09:50:01,641,38,9
2020-07-27 09:57:54,341,17,2
2020-07-27 09:57:54,341,17,2
2020-07-27 10:04:11,1112,50,24
2020-07-27 10:04:11,1112,50,24
2020-07-27 14:23:35,2185,131,52
2020-07-27 14:23:35,2185,131,52
2020-07-27 14:39:03,514,36,17
2020-07-27 14:39:03,514,36,17
2020-07-27 17:32:16,2767,170,117
2020-07-27 17:32:16,2767,170,117
